facility_type,facility_type_description,subtype,subtype_description,permit_number,premise_name,premise_address,premise_city,premise_state,premise_zip,Inspection_Area,opening_date,ObjectId
695,SWIMMING AREA,191,SWIMMING POOL,29012,CHARLESTOWN OF DOUGLAS HILLS,407 CHARLESTOWN COURT,LOUISVILLE,KY,40243,25,1988/08/02 00:00:00,1
695,SWIMMING AREA,191,SWIMMING POOL,45509,LOUISVILLE BOAT CLUB,4200 RIVER ROAD,LOUISVILLE,KY,40207,26,1991/11/19 00:00:00,2
695,SWIMMING AREA,191,SWIMMING POOL,29320,ROYAL OAKS CONDOS,1901 MANOR HOUSE DR,LOUISVILLE,KY,40220,28,1988/06/07 00:00:00,3
695,SWIMMING AREA,191,SWIMMING POOL,29687,FOREST PARK CONDOMINIUMS,1600 FOREST PARK RD,LOUISVILLE,KY,40223,25,1988/06/22 00:00:00,4
695,SWIMMING AREA,191,SWIMMING POOL,46780,LAKESIDE SWIM CLUB,2010 TREVILLIAN WAY,LOUISVILLE,KY,40205,27,1992/06/16 00:00:00,5
695,SWIMMING AREA,197,SPA,72868,RESIDENCE INN,333 E. MARKET ST,LOUISVILLE,KY,40202,28,2004/11/29 00:00:00,6
695,SWIMMING AREA,191,SWIMMING POOL,29022,RESIDENCE INN BY MARRIOTT,120 N HURSTBOURNE PKWY,LOUISVILLE,KY,40222,29,1988/06/02 00:00:00,7
695,SWIMMING AREA,191,SWIMMING POOL,29321,SALEM SQUARE CONDOMINIUMS,521 ZORN AVE,LOUISVILLE,KY,40206,26,1988/06/07 00:00:00,8
695,SWIMMING AREA,196,SPRAY POOL,85808,METRO PARKS RIVERVIEW PARK SPRAYGROUND,8203 GREENWOOD RD,LOUISVILLE,KY,40258,23,2010/04/30 00:00:00,9
695,SWIMMING AREA,192,SWIMMING / DIVING POOL,64231,WOODMONT,4120 WOODMONT PARK LN,LOUISVILLE,KY,40245,25,2003/09/23 00:00:00,10
695,SWIMMING AREA,192,SWIMMING / DIVING POOL,29688,OWL CREEK SUBDIVISION,10607 HOBBS STATION ROAD,LOUISVILLE,KY,40223,25,1988/06/22 00:00:00,11
695,SWIMMING AREA,191,SWIMMING POOL,46900,PROMENADE COURT TOWNHOMES,152 PROMENADE CT,LOUISVILLE,KY,40223,29,1993/05/28 00:00:00,12
695,SWIMMING AREA,191,SWIMMING POOL,29025,SHELBY HOUSE,8605 SHELBYVILLE ROAD UNIT 231,LOUISVILLE,KY,40222,29,1988/06/02 00:00:00,13
695,SWIMMING AREA,191,SWIMMING POOL,72869,RESIDENCE INN,333 E. MARKET ST,LOUISVILLE,KY,40202,28,2004/11/29 00:00:00,14
695,SWIMMING AREA,191,SWIMMING POOL,29326,DEVONSHIRE APARTMENTS,8301 DONCASTER WAY,LOUISVILLE,KY,40222,26,1988/06/07 00:00:00,15
695,SWIMMING AREA,191,SWIMMING POOL,85836,SULLIVAN UNIVERSITY,4004 GARDINER POINTE DR,LOUISVILLE,KY,40213,28,2010/04/15 00:00:00,16
695,SWIMMING AREA,191,SWIMMING POOL,46985,CANTERBURY PLACE,1005 EAST BRIDGE COURT,LOUISVILLE,KY,40223,25,1992/07/21 00:00:00,17
695,SWIMMING AREA,199,WADING POOL,29689,OWL CREEK SUBDIVISION,10607 HOBBS STATION ROAD,LOUISVILLE,KY,40223,25,1988/06/22 00:00:00,18
695,SWIMMING AREA,199,WADING POOL,64232,WOODMONT,4120 WOODMONT PARK LN,LOUISVILLE,KY,40245,25,2003/09/29 00:00:00,19
695,SWIMMING AREA,191,SWIMMING POOL,29141,HURSTBOURNE COUNTRY CLUB,9000 HURSTBOURNE CLUB LN,LOUISVILLE,KY,40222,29,1988/06/06 00:00:00,20
695,SWIMMING AREA,191,SWIMMING POOL,72916,FALCON CREST,3800 FALCON CREST DR,LOUISVILLE,KY,40219,27,2004/12/03 00:00:00,21
695,SWIMMING AREA,191,SWIMMING POOL,29328,SHAWNEE HIGH SCHOOL,4010 W. MARKET STREET,LOUISVILLE,KY,40212,24,2002/03/04 00:00:00,22
695,SWIMMING AREA,196,SPRAY POOL,86298,MARSHALL SPRAYGROUND,1310 S BECKLEY STATION RD,LOUISVILLE,KY,40245,25,2010/07/06 00:00:00,23
695,SWIMMING AREA,191,SWIMMING POOL,47145,WOODLANDS ON HARROD CREEK,5630 TIMBER CREEK CT,LOUISVILLE,KY,40059,21,1996/07/25 00:00:00,24
695,SWIMMING AREA,191,SWIMMING POOL,64284,RESIDENCE INN - LOUISVILLE AIRPORT,700 PHILLIPS LN,LOUISVILLE,KY,40209,28,2005/07/19 00:00:00,25
695,SWIMMING AREA,191,SWIMMING POOL,29693,THE FORUM AT BROOKSIDE,200 BROOKSIDE DR,DOUGLASS HILLS,KY,40243,25,1988/06/22 00:00:00,26
695,SWIMMING AREA,191,SWIMMING POOL,29144,BLAIRWOOD SWIM CLUB,9300 BLAIRWOOD RD,LOUISVILLE,KY,40222,29,1996/09/05 00:00:00,27
695,SWIMMING AREA,191,SWIMMING POOL,73219,HAMPTON INN & SUITES LOUISVILLE EAST,1451 ALLIANT AVE,LOUISVILLE,KY,40299,22,2005/01/20 00:00:00,28
695,SWIMMING AREA,191,SWIMMING POOL,96776,OXMOOR APARTMENT HOMES,7400 STEEPLE CREST CIRCLE,LOUISVILLE,KY,40222,26,2015/07/06 00:00:00,29
695,SWIMMING AREA,191,SWIMMING POOL,29334,SHENANDOAH CONDOS,1 DUPONT WAY,LOUISVILLE,KY,40207,26,1988/06/07 00:00:00,30
695,SWIMMING AREA,196,SPRAY POOL,86575,METRO PARKS LONG RUN PARK SPRAYGROUND,1605 FLAT ROCK RD,LOUISVILLE,KY,40245,25,2010/08/16 00:00:00,31
695,SWIMMING AREA,191,SWIMMING POOL,47281,YMCA NORTHEAST,9400 MILL BROOK RD,LOUISVILLE,KY,40223,25,1992/09/02 00:00:00,32
695,SWIMMING AREA,191,SWIMMING POOL,64288,JEFFERSON TRACE HOA INC,11330 JEFFERSON TRACE BLVD,LOUISVILLE,KY,40291,22,2005/07/18 00:00:00,33
695,SWIMMING AREA,191,SWIMMING POOL,29699,STONEMILL VILLAGE / INDOOR POOL,850 WASHBURN AVE,LOUISVILLE,KY,40222,29,1988/06/22 00:00:00,34
695,SWIMMING AREA,192,SWIMMING / DIVING POOL,29146,BLAIRWOOD SWIM CLUB,9300 BLAIRWOOD RD,LOUISVILLE,KY,40222,29,1998/07/08 00:00:00,35
695,SWIMMING AREA,191,SWIMMING POOL,73376,BLANKENBAKER CROSSINGS APTS,2515 SHINING WATER DR,LOUISVILLE,KY,40299,22,2005/02/10 00:00:00,36
695,SWIMMING AREA,191,SWIMMING POOL,29336,DOUGLAS HILLS CONDO,800 LOGSDON CT,LOUISVILLE,KY,40243,25,1988/06/07 00:00:00,37
695,SWIMMING AREA,191,SWIMMING POOL,96778,JAMESTOWN APARTMENTS,902 MARKHAM LANE,LOUISVILLE,KY,40207,28,2015/08/14 00:00:00,38
695,SWIMMING AREA,191,SWIMMING POOL,47537,SPRINGHURST SWIMMING POOL,4200 SPRINGHURST BLVD,LOUISVILLE,KY,40241,21,1996/09/03 00:00:00,39
695,SWIMMING AREA,196,SPRAY POOL,86652,METRO PARKS SHAWNEE PARK,4501 W. BROADWAY,LOUISVILLE,KY,40211,24,2010/08/25 00:00:00,40
695,SWIMMING AREA,191,SWIMMING POOL,64340,RESERVE AT GLENMARY ATTN: JIM BRYAN,10719 PROVIDENCE DR,LOUISVILLE,KY,40291,22,2005/08/18 00:00:00,41
695,SWIMMING AREA,191,SWIMMING POOL,29715,STONEMILL VILLAGE / OUTDOOR POOL,850 WASHBURN AVE,LOUISVILLE,KY,40222,26,1988/06/23 00:00:00,42
695,SWIMMING AREA,199,WADING POOL,29148,BLAIRWOOD SWIM CLUB,9300 BLAIRWOOD RD,LOUISVILLE,KY,40222,29,1998/07/08 00:00:00,43
695,SWIMMING AREA,196,SPRAY POOL,87109,METRO PARKS BRESLIN PARK SPRAY POOL,1388 LEXINGTON RD,LOUISVILLE,KY,40206,26,2010/10/27 00:00:00,44
695,SWIMMING AREA,197,SPA,64504,HOLIDAY INN EXPRESS,1520 ALLIANT AVE,LOUISVILLE,KY,40299,22,2000/07/25 00:00:00,45
695,SWIMMING AREA,191,SWIMMING POOL,73377,SLEEP INN,3330 PRESTON HWY,LOUISVILLE,KY,40213,28,2005/02/16 00:00:00,46
695,SWIMMING AREA,199,WADING POOL,29337,DOUGLAS HILLS SWIM CLUB,501 GATEHOUSE LN,LOUISVILLE,KY,40243,25,1988/06/07 00:00:00,47
695,SWIMMING AREA,191,SWIMMING POOL,64505,HOLIDAY INN EXPRESS,1520 ALLIANT AVE,LOUISVILLE,KY,40299,22,2000/07/25 00:00:00,48
695,SWIMMING AREA,191,SWIMMING POOL,88465,CARDINAL TOWNE HOUSING,1810 S THIRD ST,LOUISVILLE,KY,40208,23,2011/08/15 00:00:00,49
695,SWIMMING AREA,191,SWIMMING POOL,29716,SPINDLEWICK CONDO,810 WASHBURN AVE,LOUISVILLE,KY,40206,26,1988/06/23 00:00:00,50
695,SWIMMING AREA,191,SWIMMING POOL,29156,1616 CONDOMINIUMS,1616 GARDINER LN,LOUISVILLE,KY,40205,28,1988/06/06 00:00:00,51
695,SWIMMING AREA,197,SPA,96780,JAMESTOWN APARTMENTS,902 MARKHAM LANE,LOUISVILLE,KY,40207,28,,52
695,SWIMMING AREA,199,WADING POOL,47538,SPRINGHURST WADING POOL,4200 SPRINGHURST BLVD,LOUISVILLE,KY,40241,21,1996/09/03 00:00:00,53
695,SWIMMING AREA,191,SWIMMING POOL,29724,STATION HOUSE SQUARE APTS,1509 S 6TH STREET,LOUISVILLE,KY,40208,23,1988/06/23 00:00:00,54
695,SWIMMING AREA,192,SWIMMING / DIVING POOL,29161,LAKE FOREST - THE LODGE,511 WOODLAKE DR,LOUISVILLE,KY,40245,25,1988/06/06 00:00:00,55
695,SWIMMING AREA,191,SWIMMING POOL,96858,JEFFERSON POST APARTMENTS,7111 JEFFERSON RUN DR,LOUISVILLE,KY,40219,27,,56
695,SWIMMING AREA,192,SWIMMING / DIVING POOL,74542,U OF L NATATORIUM,2216 S. FLOYD ST,LOUISVILLE,KY,40208,23,2005/08/19 00:00:00,57
695,SWIMMING AREA,192,SWIMMING / DIVING POOL,29338,DOUGLAS HILLS SWIM CLUB,501 GATEHOUSE LN,LOUISVILLE,KY,40243,25,1988/06/07 00:00:00,58
695,SWIMMING AREA,199,WADING POOL,64575,HURSTBOURNE COUNTRY CLUB,9000 HURSTBOURNE CLUB LN,LOUISVILLE,KY,40222,29,2005/05/27 00:00:00,59
695,SWIMMING AREA,197,SPA,88466,CARDINAL TOWNE HOUSING,1810 S THIRD ST,LOUISVILLE,KY,40208,23,2011/08/15 00:00:00,60
695,SWIMMING AREA,191,SWIMMING POOL,47621,ST. XAVIER HIGH SCHOOL,1609 POPLAR LEVEL RD,LOUISVILLE,KY,40217,27,1992/10/28 00:00:00,61
695,SWIMMING AREA,191,SWIMMING POOL,29738,THE HARBOR CONDOMINIUM,6413 MARINA DR,LOUISVILLE,KY,40059,21,1990/09/17 00:00:00,62
695,SWIMMING AREA,191,SWIMMING POOL,29162,LAKE FOREST - THE LODGE,511 WOODLAKE DR,LOUISVILLE,KY,40245,25,1988/06/06 00:00:00,63
695,SWIMMING AREA,199,WADING POOL,97048,SARATOGA WOODS,4310 SARATOGA WOODS DR,JEFFERSONTOWN,KY,40299,22,2015/06/16 00:00:00,64
695,SWIMMING AREA,191,SWIMMING POOL,75605,NORTON COMMONS - JIMSON POOL,9400 FEATHERBELL,LOUISVILLE,KY,40059,21,2006/03/01 00:00:00,65
695,SWIMMING AREA,192,SWIMMING / DIVING POOL,29340,EP TOM SAWYER STATE PARK,3000 FREYS HILL RD,LOUISVILLE,KY,40241,21,1988/06/07 00:00:00,66
695,SWIMMING AREA,191,SWIMMING POOL,64696,VILLAGES OF PARK DUVALLE II,1804 RUSSELL LEE DRIVE,LOUISVILLE,KY,40211,24,2000/09/07 00:00:00,67
695,SWIMMING AREA,191,SWIMMING POOL,88531,ROLLING HILLS - LEFT,9100 RAINBOW SPRINGS DR,LOUISVILLE,KY,40241,21,2011/08/09 00:00:00,68
695,SWIMMING AREA,191,SWIMMING POOL,48379,STONECREST CONDOMINIUMS,750 ZORN AVE,LOUISVILLE,KY,40206,26,1993/03/16 00:00:00,69
695,SWIMMING AREA,191,SWIMMING POOL,48976,HILLVIEW WOODS APTS SWIM POOL,4800 BIRCH TREE LANE,LOUISVILLE,KY,40229,27,1993/06/18 00:00:00,70
695,SWIMMING AREA,191,SWIMMING POOL,49413,SUTHERLAND,6800 WINDHAM PKWY,PROSPECT,KY,40059,21,1993/09/02 00:00:00,71
695,SWIMMING AREA,191,SWIMMING POOL,50781,THE GARDENS OF EASTERN PARKWAY,1267 PARKWAY GARDEN CT,LOUISVILLE,KY,40204,28,1994/05/26 00:00:00,72
695,SWIMMING AREA,191,SWIMMING POOL,51331,DORSEY HILLS CONDOMINIUM,10601 MCMEEKIN LN,LOUISVILLE,KY,40223,25,1994/08/04 00:00:00,73
695,SWIMMING AREA,191,SWIMMING POOL,51429,HARBORTOWN CONDOMINIUMS,5401 HARBORTOWN RD,PROSPECT,KY,40059,28,1994/08/17 00:00:00,74
695,SWIMMING AREA,191,SWIMMING POOL,51464,HURSTBOURNE RIDGE CONDO,3701 HURSTBOURNE RIDGE PKWY,LOUISVILLE,KY,40299,22,1994/08/23 00:00:00,75
695,SWIMMING AREA,191,SWIMMING POOL,51574,HAZELWOOD CTR ICFR,1800 BLUEGRASS AVE,LOUISVILLE,KY,40215,23,1994/09/07 00:00:00,76
695,SWIMMING AREA,192,SWIMMING / DIVING POOL,53211,POLO FIELDS COUNTRY CLUB,17001 POLO FIELDS LN,LOUISVILLE,KY,40245,25,1995/06/01 00:00:00,77
695,SWIMMING AREA,199,WADING POOL,53244,POLO FIELDS COUNTRY CLUB,17001 POLO FIELDS LN,LOUISVILLE,KY,40245,25,1995/06/06 00:00:00,78
695,SWIMMING AREA,191,SWIMMING POOL,53324,HAMPTON INN,800 PHILLIPS LN,LOUISVILLE,KY,40209,28,1995/06/13 00:00:00,79
695,SWIMMING AREA,191,SWIMMING POOL,53531,GREENWOOD PLACE APTS,7500 GREENWOOD PLACE CIRCLE,LOUISVILLE,KY,40258,23,1995/07/12 00:00:00,80
695,SWIMMING AREA,191,SWIMMING POOL,53598,WINDSOR GATE CONDOMINIUMS,8601 AMBROSSE LN,LOUISVILLE,KY,40299,22,1998/07/08 00:00:00,81
695,SWIMMING AREA,191,SWIMMING POOL,53599,GREENHURST CONDOS,3940 GREENHURST DR,LOUISVILLE,KY,40299,22,1997/08/27 00:00:00,82
695,SWIMMING AREA,191,SWIMMING POOL,53611,CRESCENT HILL ROYALE CONDO,2730 BROWNSBORO RD,LOUISVILLE,KY,40206,24,1995/07/24 00:00:00,83
695,SWIMMING AREA,191,SWIMMING POOL,56079,WEMBERLEY HILL GARDEN HOMES,10601 WEMBERLY HILL BLVD,LOUISVILLE,KY,40241,21,1996/08/27 00:00:00,84
695,SWIMMING AREA,191,SWIMMING POOL,58033,CEDAR SPRINGS APTS. PHASE II,9000 SPRUCEDALE WAY,LOUISVILLE,KY,40291,22,1997/06/20 00:00:00,85
695,SWIMMING AREA,199,WADING POOL,58233,LAKE FOREST COUNTRY CLUB-WADING POOL,14700 LANDMARK DR,LOUISVILLE,KY,40245,25,1997/07/17 00:00:00,86
695,SWIMMING AREA,192,SWIMMING / DIVING POOL,58234,LAKE FOREST COUNTRY CLUB-POOL,14700 LANDMARK DR,LOUISVILLE,KY,40245,25,1997/07/17 00:00:00,87
695,SWIMMING AREA,199,WADING POOL,58444,SUTHERLAND,6800 WINDHAM PKWY,PROSPECT,KY,40059,21,1997/08/14 00:00:00,88
695,SWIMMING AREA,191,SWIMMING POOL,58518,PINEHURST GREEN PATIO HOMES,10630 EAGLE PINES LN,LOUISVILLE,KY,40223,29,1998/07/30 00:00:00,89
695,SWIMMING AREA,191,SWIMMING POOL,58634,FENWICK PLACE,8601 FENWICK CREEK PLACE,LOUISVILLE,KY,40220,29,1997/09/10 00:00:00,90
695,SWIMMING AREA,191,SWIMMING POOL,58635,QUALITY INNS & SUITES/AIRPORT,311 E. GAULBERT AVE,LOUISVILLE,KY,40208,23,1997/09/10 00:00:00,91
695,SWIMMING AREA,191,SWIMMING POOL,60018,WORTHINGTON GLEN CONDOMINIUMS,10200 WORTHINGTON GLEN DR,LOUISVILLE,KY,40241,21,1998/05/01 00:00:00,92
695,SWIMMING AREA,191,SWIMMING POOL,60284,THE OAKS AT PARK DUVALLE,3621 CHAUNCEY AVE,LOUISVILLE,KY,40211,24,2016/07/22 00:00:00,93
695,SWIMMING AREA,191,SWIMMING POOL,60333,COOPER CREEK VILLAGE APTS,4807 COOPER VILLAGE TERRACE,LOUISVILLE,KY,40219,27,2007/05/16 00:00:00,94
695,SWIMMING AREA,191,SWIMMING POOL,60646,RIVER FOREST COURTYARD HOMES,6318 RIVER FOREST DR,LOUISVILLE,KY,40258,23,1998/07/14 00:00:00,95
695,SWIMMING AREA,191,SWIMMING POOL,61022,VILLAGE OF OLDE ST ANDREWS,3500 ST. ANDREWS VILLAGE CIRCLE,LOUISVILLE,KY,40241,21,1998/08/31 00:00:00,96
695,SWIMMING AREA,191,SWIMMING POOL,61441,YMCA NORTHEAST,9400 MILL BROOK RD,LOUISVILLE,KY,40223,25,2005/12/08 00:00:00,97
695,SWIMMING AREA,191,SWIMMING POOL,62199,CHAMPION FARMS APARTMENTS,3700 SPRINGHURST BLVD,LOUISVILLE,KY,40241,21,2005/05/16 00:00:00,98
695,SWIMMING AREA,192,SWIMMING / DIVING POOL,62340,LOUISVILLE COUNTRY CLUB,25 MOCKINGBIRD VALLEY TRAIL,LOUISVILLE,KY,40207,26,2005/05/25 00:00:00,99
695,SWIMMING AREA,199,WADING POOL,62341,LOUISVILLE COUNTRY CLUB - WADING POOL,25 MOCKINGBIRD VALLEY TRAIL,LOUISVILLE,KY,40207,26,2005/05/25 00:00:00,100
695,SWIMMING AREA,191,SWIMMING POOL,62372,SHADOW RIDGE,10400 SHADOW RIDGE LN,LOUISVILLE,KY,40241,21,2005/06/15 00:00:00,101
695,SWIMMING AREA,191,SWIMMING POOL,62499,SWAN POINTE POOL,1112 SWAN POINTE BLVD,LOUISVILLE,KY,40243,22,2005/07/20 00:00:00,102
695,SWIMMING AREA,191,SWIMMING POOL,62700,CEDAR RIDGE CAMP & RETREAT CNT,4010 ROUTT RD,LOUISVILLE,KY,40299,22,2005/06/22 00:00:00,103
695,SWIMMING AREA,191,SWIMMING POOL,64085,"CAMBRIDGE COMMONS SWIM POOL C/O CMA, LLC",11101 CAMBRIDGE COMMONS DR.,LOUISVILLE,KY,40291,22,2005/08/19 00:00:00,104
695,SWIMMING AREA,191,SWIMMING POOL,64148,DEER CREEK PATIO HOMES,4101 LANDHERR DR,LOUISVILLE,KY,40299,22,2000/06/05 00:00:00,105
695,SWIMMING AREA,191,SWIMMING POOL,64173,COOPER FARMS,10500 LEVEN BLVD.,LOUISVILLE,KY,40229,27,2005/07/22 00:00:00,106
695,SWIMMING AREA,191,SWIMMING POOL,64195,HAMPTON INN,4100 HAMPTON LAKE WAY,LOUISVILLE,KY,40241,21,2005/08/08 00:00:00,107
695,SWIMMING AREA,191,SWIMMING POOL,64209,COPPERSHIRE CONDOMINIUMS,646 BIRCHWOOD AVE,LOUISVILLE,KY,40206,26,2005/05/27 00:00:00,108
695,SWIMMING AREA,191,SWIMMING POOL,64213,BROOKRIDGE VILLAGE,9510 RIDGESIDE DR,LOUISVILLE,KY,40291,22,2005/07/18 00:00:00,109
695,SWIMMING AREA,191,SWIMMING POOL,88532,ROLLING HILLS - RIGHT,9100 RAINBOW SPRINGS DR,LOUISVILLE,KY,40241,21,2011/08/09 00:00:00,110
695,SWIMMING AREA,191,SWIMMING POOL,29742,AMERICAN TURNERS OF LOUISVILLE,3125 RIVER RD,LOUISVILLE,KY,40207,24,1988/06/23 00:00:00,111
695,SWIMMING AREA,192,SWIMMING / DIVING POOL,97049,SARATOGA WOODS,4310 SARATOGA WOODS DR,LOUISVILLE,KY,40299,22,2015/07/13 00:00:00,112
695,SWIMMING AREA,191,SWIMMING POOL,75609,HOMEWOOD SUITES,9401 HURSTBOURNE TRACE,LOUISVILLE,KY,40222,29,2006/03/01 00:00:00,113
695,SWIMMING AREA,191,SWIMMING POOL,29163,METRO PARKS ALGONQUIN POOL,1614 CYPRESS ST,LOUISVILLE,KY,40210,24,1988/06/06 00:00:00,114
695,SWIMMING AREA,191,SWIMMING POOL,64893,BAPTIST  MILESTONE THERAPY,750 CYPRESS STATION DR,LOUISVILLE,KY,40207,26,2000/10/18 00:00:00,115
695,SWIMMING AREA,191,SWIMMING POOL,97064,COURTYARD BY MARRIOTT,100 S. 2ND ST.,LOUISVILLE,KY,40202,28,2015/08/24 00:00:00,116
695,SWIMMING AREA,191,SWIMMING POOL,29344,EAST HAMPTON CONDOS,10500 TIMBERWOOD CIRCLE,LOUISVILLE,KY,40223,29,1988/06/07 00:00:00,117
695,SWIMMING AREA,191,SWIMMING POOL,75896,THE SPRINGS OF GLENMARY VILLAGE,10420 CLYDE MOORE BLVD.,LOUISVILLE,KY,40291,22,2006/04/11 00:00:00,118
695,SWIMMING AREA,191,SWIMMING POOL,29167,AMBASSADOR EAST CONDO,1612 GARDINER LN,LOUISVILLE,KY,40205,28,1988/06/06 00:00:00,119
695,SWIMMING AREA,197,SPA,64902,BAPTIST MILESTONE SPA,750 CYPRESS STATION DR,LOUISVILLE,KY,40207,26,2000/10/18 00:00:00,120
695,SWIMMING AREA,191,SWIMMING POOL,88736,AUTUMN TRACE,7308 AUTUMN TRACE DR,LOUISVILLE,KY,40214,23,2011/07/11 00:00:00,121
695,SWIMMING AREA,191,SWIMMING POOL,97088,HILTON GARDEN INN,1530 ALLIANT AVE,JEFFERSONTOWN,KY,40299,22,2015/05/13 00:00:00,122
695,SWIMMING AREA,191,SWIMMING POOL,29747,CRESCENT SPRINGS CONDOMINIUM,408 LEDGEVIEW PARK DRIVE,LOUISVILLE,KY,40206,26,1990/08/22 00:00:00,123
695,SWIMMING AREA,192,SWIMMING / DIVING POOL,29350,ELKS CLUB,2824 KLONDIKE LN.,LOUISVILLE,KY,40218,27,1988/06/07 00:00:00,124
695,SWIMMING AREA,191,SWIMMING POOL,76509,COMFORT INN HOTEL,4444 DIXIE HWY,LOUISVILLE,KY,40216,23,2006/07/18 00:00:00,125
695,SWIMMING AREA,191,SWIMMING POOL,29168,LAKESIDE SWIM CLUB,2010 TREVILLIAN WAY,LOUISVILLE,KY,40205,28,1988/06/06 00:00:00,126
695,SWIMMING AREA,191,SWIMMING POOL,64951,BAPTIST MILESTONE LAP,750 CYPRESS STATION DR,LOUISVILLE,KY,40207,26,2000/10/29 00:00:00,127
695,SWIMMING AREA,197,SPA,89549,MIRALEA,320 JOE CONWAY CIR,MASONIC HOME,KY,40041,26,2012/11/02 00:00:00,128
695,SWIMMING AREA,191,SWIMMING POOL,97165,THE RETREAT AT LOUISVILLE,1000 MANOR PARK DR,LOUISVILLE,KY,40208,23,2015/07/22 00:00:00,129
695,SWIMMING AREA,191,SWIMMING POOL,29748,WISTERIA LANDING CONDOMINIUMS,6301 WISTERIA VIEW LN,LOUISVILLE,KY,40218,27,1989/06/20 00:00:00,130
695,SWIMMING AREA,191,SWIMMING POOL,29358,CROWNE PLAZA,830 PHILLIPS LN,LOUISVILLE,KY,40209,27,1988/06/07 00:00:00,131
695,SWIMMING AREA,191,SWIMMING POOL,77038,BRADFORD COMMONS,2700 BRADFORD COMMONS DR,LOUISVILLE,KY,40299,22,2006/10/16 00:00:00,132
695,SWIMMING AREA,191,SWIMMING POOL,29174,LAKEVIEW CONDOS WEST,1815 GARDINER LN,LOUISVILLE,KY,40205,28,1994/08/08 00:00:00,133
695,SWIMMING AREA,191,SWIMMING POOL,65165,INDIAN FALLS,9420 RIVER TRAIL DR,LOUISVILLE,KY,40229,27,2000/12/07 00:00:00,134
695,SWIMMING AREA,191,SWIMMING POOL,89550,MIRALEA,320 JOE CONWAY CIR,MASONIC HOME,KY,40041,26,2012/11/02 00:00:00,135
695,SWIMMING AREA,191,SWIMMING POOL,97302,KENDAL ON TAYLORSVILLE,4004 KEIGHLEY PARK LANE,JEFFERSONTOWN,KY,40299,22,2015/09/23 00:00:00,136
695,SWIMMING AREA,191,SWIMMING POOL,97530,WOODRIDGE LAKE,5110 WOODRIDGE LAKE BLVD,LOUISVILLE,KY,40229,23,2015/05/11 00:00:00,137
695,SWIMMING AREA,191,SWIMMING POOL,97623,DRURY INN & SUITES,9597 BROWNSBORO RD,LOUISVILLE,KY,40241,21,2016/02/29 00:00:00,138
695,SWIMMING AREA,197,SPA,97624,DRURY INN & SUITES,9597 BROWNSBORO RD,LOUISVILLE,KY,40241,21,2016/02/01 00:00:00,139
695,SWIMMING AREA,197,SPA,97736,UNIVERSITY POINTE,2108 UNITY DRIVE,LOUISVILLE,KY,40208,23,2016/08/23 00:00:00,140
695,SWIMMING AREA,191,SWIMMING POOL,97737,UNIVERSITY POINTE,2108 UNITY PLACE,LOUISVILLE,KY,40208,23,2016/08/23 00:00:00,141
695,SWIMMING AREA,191,SWIMMING POOL,97738,GERMANTOWN MILLS LOFT,946 GOSS AVE UNIT 5105,LOUISVILLE,KY,40217,28,2016/05/18 00:00:00,142
695,SWIMMING AREA,191,SWIMMING POOL,97812,HAMPTON INN & HOME2 SUITES,1150 FOREST BRIDGE RD,LOUISVILLE,KY,40223,25,,143
695,SWIMMING AREA,191,SWIMMING POOL,97948,SPRINGHOUSE,8400 TAPESTRY CIRCLE,LOUISVILLE,KY,40222,26,2016/11/11 00:00:00,144
695,SWIMMING AREA,191,SWIMMING POOL,97996,REGAL PARK APARTMENTS,9400 HURSTBOURNE PARK BLVD,LOUISVILLE,KY,40220,29,2015/08/21 00:00:00,145
695,SWIMMING AREA,197,SPA,98007,THE NINE,1900 S FLOYD STREET,LOUISVILLE,KY,40208,23,2016/08/25 00:00:00,146
695,SWIMMING AREA,196,SPRAY POOL,98008,BROAD RUN PARK CLIFFSIDE SPRAY,10751 BROAD RUN PARKWAY,FERN CREEK,KY,40291,22,,147
695,SWIMMING AREA,191,SWIMMING POOL,98312,BEST WESTERN PREMIER,4110 DIXIE HIGHWAY,LOUISVILLE,KY,40216,23,2015/09/11 00:00:00,148
695,SWIMMING AREA,191,SWIMMING POOL,98346,STAYBRIDGE SUITES,11711 GATEWORTH WAY,LOUISVILLE,KY,40299,22,2015/09/15 00:00:00,149
695,SWIMMING AREA,191,SWIMMING POOL,98844,ALOFT HOTEL - INDIAN SPRINGS,10700 WESTPORT RD,LOUISVILLE,KY,40241,21,,150
695,SWIMMING AREA,191,SWIMMING POOL,98913,HOLIDAY INN EXPRESS,1921 BISHOP LANE,LOUISVILLE,KY,40218,28,,151
695,SWIMMING AREA,196,SPRAY POOL,98925,ROBSION PARK SPLASH PAD,8125R LAGRANGE RD,LYNDON,KY,40222,29,,152
695,SWIMMING AREA,191,SWIMMING POOL,98992,FAIRFIELD INN AND SUITES,1220 KENTUCKY MILLS DR,LOUISVILLE,KY,40299,22,,153
695,SWIMMING AREA,191,SWIMMING POOL,99125,COURTYARD MAIN & CLAY APARTMENTS,633 E MAIN ST.,LOUISVILLE,KY,40202,28,2018/07/27 00:00:00,154
695,SWIMMING AREA,191,SWIMMING POOL,99201,SPRINGS AT HURSTBOURNE,9202 BUNSEN PARK DR,LOUISVILLE,KY,40220,29,2016/09/22 00:00:00,155
695,SWIMMING AREA,196,SPRAY POOL,99408,EP TOM SAWYER STATE PARK,3000 FREYS HILL RD,LOUISVILLE,KY,40241,21,,156
695,SWIMMING AREA,191,SWIMMING POOL,99437,AVENUE APARTMENTS,1019 EVERETT AVE,LOUISVILLE,KY,40204,28,,157
695,SWIMMING AREA,191,SWIMMING POOL,99462,LITTLE SPRING FARM,11600 VISTA CLUB DRIVE,LOUISVILLE,KY,40291,22,2016/03/22 00:00:00,158
695,SWIMMING AREA,199,WADING POOL,99463,LITTLE SPRING FARM,11600 VISTA CLUB DR,LOUISVILLE,KY,40291,22,2016/03/22 00:00:00,159
695,SWIMMING AREA,191,SWIMMING POOL,99474,THE GROVE AT LYNDON,7716 SUNDANCE DR,LOUISVILLE,KY,40222,29,2007/08/31 00:00:00,160
695,SWIMMING AREA,191,SWIMMING POOL,99485,THE POINTE AT STONEYBROOK,2405 ARBOR POINTE DR,LOUISVILLE,KY,40220,29,,161
695,SWIMMING AREA,196,SPRAY POOL,99702,HUSTON QUIN PARK,4105 S 1ST STREET,LOUISVILLE,KY,40214,23,,162
695,SWIMMING AREA,191,SWIMMING POOL,99898,BEAR PADDLE SWIM CLUB,2915 HURSTBOURNE PKWY,LOUISVILLE,KY,40220,27,,163
695,SWIMMING AREA,191,SWIMMING POOL,100223,THE GENTRY,9500 WILLIAMSBURG PLAZA,LOUISVILLE,KY,40222,29,2017/04/13 00:00:00,164
695,SWIMMING AREA,191,SWIMMING POOL,100360,800 TOWER CITY APTS,800 S 4TH ST,LOUISVILLE,KY,40203,24,2017/05/10 00:00:00,165
695,SWIMMING AREA,191,SWIMMING POOL,100520,AVALON SPRINGS,7935 ZELMA FIELDS AVE,LOUISVILLE,KY,40228,27,,166
695,SWIMMING AREA,192,SWIMMING / DIVING POOL,100528,GLEN OAKS GOLF & COUNTRY CLUB,10601 WORTHINGTON LANE,PROSPECT,KY,40059,21,,167
695,SWIMMING AREA,199,WADING POOL,100530,GLEN OAKS GOLF & COUNTRY CLUB,10601 WORTHINGTON LANE,PROSPECT,KY,40059,21,2016/07/28 00:00:00,168
695,SWIMMING AREA,191,SWIMMING POOL,100794,LAQUINTA INN & SUITES,1501 ALLIANT AVENUE,JEFFERSONTOWN,KY,40299,22,2001/06/11 00:00:00,169
695,SWIMMING AREA,191,SWIMMING POOL,100961,THE FLATS AT HURSTBOURNE APTS,3280 SILVER SPRINGS DR,LOUISVILLE,KY,40220,29,2018/05/22 00:00:00,170
695,SWIMMING AREA,196,SPRAY POOL,101079,ADVENTURE PLAYGROUND,1201 RIVER RD,LOUISVILLE,KY,40202,24,,171
695,SWIMMING AREA,191,SWIMMING POOL,101284,HILTON GARDEN INN,400 SHERBURN LANE,LOUISVILLE,KY,40207,26,2017/08/10 00:00:00,172
695,SWIMMING AREA,191,SWIMMING POOL,101423,LOUISVILLE MARRIOTT EAST,1903 EMBASSY SQUARE BLVD,LOUISVILLE,KY,40299,29,2016/12/09 00:00:00,173
695,SWIMMING AREA,191,SWIMMING POOL,101516,HOMEWOOD SUITES,635 W MARKET ST,LOUISVILLE,KY,40202,24,2018/03/26 00:00:00,174
695,SWIMMING AREA,191,SWIMMING POOL,101551,HOME 2 SUITES,240 S. HANCOCK ST,LOUISVILLE,KY,40202,28,,175
695,SWIMMING AREA,197,SPA,101552,OMNI LOUISVILLE  - LEVEL 3,400 S. 2ND STREET,LOUISVILLE,KY,40202,24,2018/03/08 00:00:00,176
695,SWIMMING AREA,191,SWIMMING POOL,33308,WATERFORD PLACE,4105 WATERFORD CIR,LOUISVILLE,KY,40207,26,2005/06/29 00:00:00,177
695,SWIMMING AREA,196,SPRAY POOL,77662,LOUISVILLE ZOO GLACIER RUN SPLASH PARK,1100 TREVILIAN WAY,LOUISVILLE,KY,40213,28,2007/02/19 00:00:00,178
695,SWIMMING AREA,191,SWIMMING POOL,33311,WATERFORD PLACE,4105 WATERFORD CIR,LOUISVILLE,KY,40207,26,2005/06/29 00:00:00,179
695,SWIMMING AREA,191,SWIMMING POOL,29179,AUDUBON COUNTRY CLUB,3265 ROBIN RD,LOUISVILLE,KY,40213,28,1988/06/06 00:00:00,180
695,SWIMMING AREA,191,SWIMMING POOL,29360,METRO PARKS FAIRDALE POOL,709 FAIRDALE ROAD,LOUISVILLE,KY,40118,23,1988/06/07 00:00:00,181
695,SWIMMING AREA,199,WADING POOL,65166,INDIAN FALLS,9420 RIVER TRAIL DR,LOUISVILLE,KY,40229,27,2000/12/07 00:00:00,182
695,SWIMMING AREA,191,SWIMMING POOL,65220,RESIDENCE INN,3500 SPRINGHURST COMMONS DR,LOUISVILLE,KY,40241,21,2007/09/20 00:00:00,183
695,SWIMMING AREA,195,WATERSLIDE,89964,YMCA NORTON COMMONS,11000 BROWNSBORO RD,PROSPECT,KY,40059,21,2013/01/17 00:00:00,184
695,SWIMMING AREA,196,SPRAY POOL,77664,METRO PARK IROQUOIS PARK - SUNNY HILL REST,1000 AMPHITHEATER RD,LOUISVILLE,KY,40214,23,2007/02/20 00:00:00,185
695,SWIMMING AREA,191,SWIMMING POOL,29183,HITE AVENUE GARDENS,719 N. HITE AVE,LOUISVILLE,KY,40206,24,1988/06/06 00:00:00,186
695,SWIMMING AREA,191,SWIMMING POOL,29369,STANDARD COUNTRY CLUB,8208 STANDARD CLUB LANE,LOUISVILLE,KY,40241,21,1988/08/03 00:00:00,187
695,SWIMMING AREA,191,SWIMMING POOL,66007,COBBLESTONE CONDOMINIUMS,10001 GLASGOW BLVD,LOUISVILLE,KY,40241,21,2001/05/23 00:00:00,188
695,SWIMMING AREA,191,SWIMMING POOL,33318,CYPRESS POINTE #2,425 S. HUBBARDS LN,LOUISVILLE,KY,40207,26,1988/08/03 00:00:00,189
695,SWIMMING AREA,197,SPA,89965,YMCA NORTON COMMONS,11000 BROWNSBORO RD,PROSPECT,KY,40059,21,2013/01/17 00:00:00,190
695,SWIMMING AREA,191,SWIMMING POOL,77694,VILLAGE AT PRESTON CROSSINGS,9701 PRESTON SPRING DR,LOUISVILLE,KY,40229,27,2007/02/23 00:00:00,191
695,SWIMMING AREA,191,SWIMMING POOL,29188,BIG SPRING COUNTRY CLUB,5901 DUTCHMAN LANE,LOUISVILLE,KY,40205,28,1988/06/06 00:00:00,192
695,SWIMMING AREA,199,WADING POOL,29370,STANDARD COUNTRY CLUB,8208 STANDARD CLUB LANE,LOUISVILLE,KY,40241,21,1988/06/07 00:00:00,193
695,SWIMMING AREA,191,SWIMMING POOL,66008,TERRACES AT FOREST SPRINGS,3501 TERRACE SPRING DR,LOUISVILLE,KY,40245,25,2001/05/23 00:00:00,194
695,SWIMMING AREA,191,SWIMMING POOL,33320,CYPRESS POINTE #1,425 S. HUBBARDS LN,LOUISVILLE,KY,40207,26,1988/08/03 00:00:00,195
695,SWIMMING AREA,191,SWIMMING POOL,89966,YMCA NORTON COMMONS,11000 BROWNSBORO RD,PROSPECT,KY,40059,21,2013/01/17 00:00:00,196
695,SWIMMING AREA,191,SWIMMING POOL,77834,AUSTIN PARK,201 PHEASANT AVE,FAIRDALE,KY,40118,23,2007/03/29 00:00:00,197
695,SWIMMING AREA,199,WADING POOL,29190,BIG SPRING COUNTRY CLUB,5901 DUTCHMANS LANE,LOUISVILLE,KY,40205,28,1988/06/06 00:00:00,198
695,SWIMMING AREA,191,SWIMMING POOL,29371,DERBY RUN APTS,6600 OUTER LOOP,LOUISVILLE,KY,40228,27,1988/06/07 00:00:00,199
695,SWIMMING AREA,191,SWIMMING POOL,66022,HUNTER'S RUN APARTMENTS,5629 FOX HORN CIRCLE,LOUISVILLE,KY,40216,23,2001/05/30 00:00:00,200
695,SWIMMING AREA,191,SWIMMING POOL,33323,CYPRESS POINTE APARTMENTS,425 S. HUBBARDS LANE,LOUISVILLE,KY,40207,26,1988/08/03 00:00:00,201
695,SWIMMING AREA,191,SWIMMING POOL,90053,SUMMIT APARTMENTS,2814 DE MEL AVE,LOUISVILLE,KY,40214,23,2012/05/24 00:00:00,202
695,SWIMMING AREA,197,SPA,77941,KORT,12613 TAYLORSVILLE RD SUITE 118,LOUISVILLE,KY,40299,22,2007/03/30 00:00:00,203
695,SWIMMING AREA,191,SWIMMING POOL,29211,THE AVERY,7025 BRONNER CIRCLE,LOUISVILLE,KY,40218,27,1988/06/06 00:00:00,204
695,SWIMMING AREA,191,SWIMMING POOL,29372,STONEHENGE CONDOS,245 STONEHENGE DR,LOUISVILLE,KY,40207,26,1988/06/07 00:00:00,205
695,SWIMMING AREA,191,SWIMMING POOL,66059,COUNTRY INN & SUITES,1241 KENTUCKY MILLS DR,LOUISVILLE,KY,40299,22,2001/04/17 00:00:00,206
695,SWIMMING AREA,191,SWIMMING POOL,66118,DRURY INN & SUITES,9501 BLAIRWOOD RD,LOUISVILLE,KY,40222,29,2001/06/27 00:00:00,207
695,SWIMMING AREA,197,SPA,66119,DRURY INN & SUITES,9501 BLAIRWOOD RD,LOUISVILLE,KY,40222,29,2005/12/08 00:00:00,208
695,SWIMMING AREA,191,SWIMMING POOL,66132,RENAISSANCE AT ST. ANDREWS,3311 RENWOOD BLVD,LOUISVILLE,KY,40214,23,2005/08/05 00:00:00,209
695,SWIMMING AREA,191,SWIMMING POOL,66478,COURTYARD BY MARRIOTT,819 PHILLIPS LN,LOUISVILLE,KY,40209,27,2001/08/24 00:00:00,210
695,SWIMMING AREA,191,SWIMMING POOL,66533,SPRINGHILL SUITES,10101 FOREST GREEN BLVD,LOUISVILLE,KY,40223,25,2001/08/31 00:00:00,211
695,SWIMMING AREA,192,SWIMMING / DIVING POOL,66874,COPPERFIELD NEIGHBORHOOD ASSOC,406 WICKFIELD DR,LOUISVILLE,KY,40245,25,2001/11/07 00:00:00,212
695,SWIMMING AREA,199,WADING POOL,66875,COPPERFIELD NEIGHBORHOOD ASSOC,406 WICKFIELD DR,LOUISVILLE,KY,40245,25,2001/11/07 00:00:00,213
695,SWIMMING AREA,191,SWIMMING POOL,66973,ALL ABOUT KIDS,2531 BLANKENBAKER PKWY,LOUISVILLE,KY,40299,22,2001/11/28 00:00:00,214
695,SWIMMING AREA,192,SWIMMING / DIVING POOL,67054,LANDIS LAKES,14600 LANDIS LAKES DR,LOUISVILLE,KY,40245,25,2002/01/31 00:00:00,215
695,SWIMMING AREA,191,SWIMMING POOL,67213,EAST LOUISVILLE EMBASSY SUITES,9940 CORPORATE CAMPUS DR,LOUISVILLE,KY,40245,25,2002/01/31 00:00:00,216
695,SWIMMING AREA,199,WADING POOL,67223,LANDIS LAKES,14600 LANDIS LAKES DR,LOUISVILLE,KY,40245,25,2002/01/31 00:00:00,217
695,SWIMMING AREA,197,SPA,67596,HAWTHORN SUITES BY WYNDHAM,751 CYPRESS STATION DR,LOUISVILLE,KY,40207,26,2002/04/19 00:00:00,218
695,SWIMMING AREA,191,SWIMMING POOL,67597,HAWTHORN SUITES BY WYNDHAM,751 CYPRESS STATION DR,LOUISVILLE,KY,40207,26,2002/04/19 00:00:00,219
695,SWIMMING AREA,191,SWIMMING POOL,67919,CROWNE AT SUMMIT APARTMENTS,4301 CROWNE SPRINGS DR,LOUISVILLE,KY,40241,21,2002/06/12 00:00:00,220
695,SWIMMING AREA,191,SWIMMING POOL,67920,HURSTBOURNE SPRINGS CONDOS,3310 HURSTBOURNE SPRINGS DR,LOUISVILLE,KY,40220,29,2002/06/11 00:00:00,221
695,SWIMMING AREA,191,SWIMMING POOL,68338,RIVER POINTE POOL,6300 RIVER POINTE DR,LOUISVILLE,KY,40258,23,2002/08/23 00:00:00,222
695,SWIMMING AREA,191,SWIMMING POOL,69692,TROON AT LANDIS LAKES,14433 TROON DR,LOUISVILLE,KY,40245,25,2003/06/27 00:00:00,223
695,SWIMMING AREA,191,SWIMMING POOL,69695,ASBURY PARK,4600 HARBOLD CT,LOUISVILLE,KY,40241,21,2003/11/20 00:00:00,224
695,SWIMMING AREA,191,SWIMMING POOL,69696,FOUR POINTS BY SHERATON,2850 CRITTENDEN DR,LOUISVILLE,KY,40209,23,2003/09/15 00:00:00,225
695,SWIMMING AREA,191,SWIMMING POOL,69896,SUMMIT PLACE APARTMENTS,5201 EAGLES PEAK WAY,LOUISVILLE,KY,40241,21,2004/04/27 00:00:00,226
695,SWIMMING AREA,199,WADING POOL,70122,LAKE FOREST- PALMER POOL,2110 ARNOLD PALMER BLVD,LOUISVILLE,KY,40245,25,2003/07/23 00:00:00,227
695,SWIMMING AREA,191,SWIMMING POOL,70123,LAKE FOREST-PALMER POOL,2110 ARNOLD PALMER BLVD,LOUISVILLE,KY,40245,25,2003/07/23 00:00:00,228
695,SWIMMING AREA,191,SWIMMING POOL,70161,HILTON GARDEN INN,2735 CRITTENDEN DRIVE,LOUISVILLE,KY,40209,23,2003/07/30 00:00:00,229
695,SWIMMING AREA,191,SWIMMING POOL,71464,COMFORT SUITES,6535 PARAMOUNT PARK DR,LOUISVILLE,KY,40213,27,2005/03/13 00:00:00,230
695,SWIMMING AREA,191,SWIMMING POOL,71467,COURTYARD BY MARRIOTT,10200 CHAMPION FARMS DR,LOUISVILLE,KY,40241,21,2004/04/12 00:00:00,231
695,SWIMMING AREA,199,WADING POOL,71908,LOCUST CREEK,18500 LONGVIEW PARK LN,LOUISVILLE,KY,40245,25,2004/06/07 00:00:00,232
695,SWIMMING AREA,192,SWIMMING / DIVING POOL,71909,LOCUST CREEK,18500 LONGVIEW PARK LN,LOUISVILLE,KY,40245,25,2004/06/07 00:00:00,233
695,SWIMMING AREA,191,SWIMMING POOL,71914,MARRIOTT LOUISVILLE DOWNTOWN,280 W JEFFERSON ST,LOUISVILLE,KY,40202,24,2007/09/25 00:00:00,234
695,SWIMMING AREA,191,SWIMMING POOL,71915,CROSSINGS AT COOPER CHAPEL,6518 BROOK BEND WAY,LOUISVILLE,KY,40229,27,2004/08/26 00:00:00,235
695,SWIMMING AREA,191,SWIMMING POOL,71923,MAGNOLIA RIDGE CONDOMINIUMS,9510 MAGNOLIA RIDGE DR,LOUISVILLE,KY,40291,22,2004/06/08 00:00:00,236
695,SWIMMING AREA,191,SWIMMING POOL,72358,GARDEN GATE APTS,11803 DUANE POINTE CIR,LOUISVILLE,KY,40243,22,2004/08/06 00:00:00,237
695,SWIMMING AREA,191,SWIMMING POOL,78036,OVERLOOK AT ST THOMAS,6800 STEEPRUN RD,LOUISVILLE,KY,40241,21,2007/04/17 00:00:00,238
695,SWIMMING AREA,191,SWIMMING POOL,33334,EAST CHASE APTS,1700 SOMERSET PLACE,LOUISVILLE,KY,40220,29,1989/03/29 00:00:00,239
695,SWIMMING AREA,191,SWIMMING POOL,78169,FAIRFIELD INN / SPRINGHILL SUITES,132 E JEFFERSON ST,LOUISVILLE,KY,40202,28,2007/05/17 00:00:00,240
695,SWIMMING AREA,191,SWIMMING POOL,90715,NORTON COMMONS - BERGAMONT POOL,8921 COLTSFOOT TRACE,PROSPECT,KY,40059,21,2012/10/09 00:00:00,241
695,SWIMMING AREA,191,SWIMMING POOL,29373,METRO PARKS SUN VALLEY,6506 BETHANY LN,LOUISVILLE,KY,40272,23,1988/06/07 00:00:00,242
695,SWIMMING AREA,191,SWIMMING POOL,29217,MILLWOOD APTS,761 HUNTINGTON PARK PL,LOUISVILLE,KY,40213,27,1988/06/06 00:00:00,243
695,SWIMMING AREA,191,SWIMMING POOL,78170,PINNACLE PLACE,4301 PINNACLE VIEW PLACE,LOUISVILLE,KY,40272,23,2007/05/03 00:00:00,244
695,SWIMMING AREA,191,SWIMMING POOL,33339,EAST CHASE,1600 HUNNINGTON PL,LOUISVILLE,KY,40220,29,1989/03/30 00:00:00,245
695,SWIMMING AREA,191,SWIMMING POOL,90786,THE PINES CONDOS,3721 BARDSTOWN RD,LOUISVILLE,KY,40218,27,2012/06/04 00:00:00,246
695,SWIMMING AREA,191,SWIMMING POOL,29376,SYCAMORE CONDOS,217 SYCAMORE DR,LOUISVILLE,KY,40223,25,1988/06/07 00:00:00,247
695,SWIMMING AREA,199,WADING POOL,29220,BROWNSBORO FARM COMMUNITY CENTER,3615 CASCADE RD,LOUISVILLE,KY,40241,21,2005/10/19 00:00:00,248
695,SWIMMING AREA,199,WADING POOL,78256,AUDUBON COUNTRY CLUB,3265 ROBIN RD,LOUISVILLE,KY,40213,28,2007/05/23 00:00:00,249
695,SWIMMING AREA,191,SWIMMING POOL,33346,BOULDER CREEK VANTAGE POINT #1 PHASE I,10400 PAVILION WAY,LOUISVILLE,KY,40299,22,1994/06/06 00:00:00,250
695,SWIMMING AREA,191,SWIMMING POOL,90852,VU CLUB,822 S. FLOYD ST.,LOUISVILLE,KY,40203,24,2014/10/17 00:00:00,251
695,SWIMMING AREA,191,SWIMMING POOL,29379,FOUR SEASONS APT,8010 SUMMERFIELD CIR,LOUISVILLE,KY,40220,29,1988/06/07 00:00:00,252
695,SWIMMING AREA,192,SWIMMING / DIVING POOL,29221,BROWNSBORO FARM COMMUNITY CENTER,3615 CASCADE RD,LOUISVILLE,KY,40241,21,1988/06/06 00:00:00,253
695,SWIMMING AREA,191,SWIMMING POOL,78380,WATERFRONT PARK PLACE,222 E WITHERSPOON ST,LOUISVILLE,KY,40202,24,2007/06/20 00:00:00,254
695,SWIMMING AREA,191,SWIMMING POOL,33353,BRADFORD GROVE,7620 WHITE POST WAY,LOUISVILLE,KY,40220,29,1992/01/24 00:00:00,255
695,SWIMMING AREA,191,SWIMMING POOL,91385,PARK LAUREATE APARTMENTS,2050 STONEYBROOK DRIVE,LOUISVILLE,KY,40220,29,2012/07/17 00:00:00,256
695,SWIMMING AREA,199,WADING POOL,29235,OWL CREEK COUNTRY CLUB,12400 OSAGE ROAD,LOUISVILLE,KY,40223,25,1988/06/06 00:00:00,257
695,SWIMMING AREA,191,SWIMMING POOL,29387,GALT HOUSE,140 N. 4TH ST.,LOUISVILLE,KY,40202,24,1988/06/07 00:00:00,258
695,SWIMMING AREA,191,SWIMMING POOL,78411,WILLOWGATE,1311 BLACKTHORN RD,LOUISVILLE,KY,40299,22,2007/06/12 00:00:00,259
695,SWIMMING AREA,191,SWIMMING POOL,33357,WOLF CREEK,4400 WOLF SPRING DR,LOUISVILLE,KY,40241,21,1988/11/11 00:00:00,260
695,SWIMMING AREA,191,SWIMMING POOL,91655,DISTRICT AT HURSTBOURNE,9811 VIEUX CARRE,LOUISVILLE,KY,40223,25,2013/05/21 00:00:00,261
695,SWIMMING AREA,192,SWIMMING / DIVING POOL,29236,OWL CREEK COUNTRY CLUB,12400 OSAGE ROAD,LOUISVILLE,KY,40223,25,1988/06/06 00:00:00,262
695,SWIMMING AREA,191,SWIMMING POOL,29389,GARDEN COURT CONDOMINIUM,2505 BROWNSBORO RD.,LOUISVILLE,KY,40206,24,1997/05/09 00:00:00,263
695,SWIMMING AREA,191,SWIMMING POOL,78634,SPRING HILL SUITES LOU AIRPORT,820 PHILLIPS LANE,LOUISVILLE,KY,40209,27,2007/07/24 00:00:00,264
695,SWIMMING AREA,191,SWIMMING POOL,36002,BRIDGEPOINTE SWIM CLUB,4910 OLDE CREEK WAY,LOUISVILLE,KY,40059,21,1988/09/29 00:00:00,265
695,SWIMMING AREA,191,SWIMMING POOL,91657,PARK LAUREATE APTS  INDOOR,2050 STONYBROOK DRIVE,LOUISVILLE,KY,40220,29,2012/10/18 00:00:00,266
695,SWIMMING AREA,191,SWIMMING POOL,29239,PARK TERRACE CONDO,1611 SPRING DR,LOUISVILLE,KY,40205,28,1988/06/06 00:00:00,267
695,SWIMMING AREA,191,SWIMMING POOL,29390,GASLITE SQUARE CONDOS,4851 SHERBURN LN.,LOUISVILLE,KY,40207,26,1988/06/07 00:00:00,268
695,SWIMMING AREA,191,SWIMMING POOL,78639,PARK LAKE APARTMENTS,7100 LEISURE LANE,LOUISVILLE,KY,40229,27,2007/07/24 00:00:00,269
695,SWIMMING AREA,199,WADING POOL,36003,BRIDGEPOINTE SWIM CLUB,4910 OLDE CREEK WAY,LOUISVILLE,KY,40059,21,1988/09/29 00:00:00,270
695,SWIMMING AREA,191,SWIMMING POOL,91985,ESPORTA FITNESS,4620 TAYLORSVILLE RD,LOUISVILLE,KY,40220,29,2012/11/26 00:00:00,271
695,SWIMMING AREA,191,SWIMMING POOL,29244,CARDINAL OAKS CONDOS,7122 CARDINAL OAKS DR,LOUISVILLE,KY,40214,23,1990/08/22 00:00:00,272
695,SWIMMING AREA,191,SWIMMING POOL,29245,PARTRIDGE MEADOWS APTS,8102 FOUR WINDS DR,LOUISVILLE,KY,40222,26,1988/06/06 00:00:00,273
695,SWIMMING AREA,199,WADING POOL,29246,PEBBLE CREEK APT,6301 FERN VALLEY WAY,LOUISVILLE,KY,40219,27,2005/08/01 00:00:00,274
695,SWIMMING AREA,191,SWIMMING POOL,29248,PEBBLE CREEK APTS,6301 FERN VALLEY WY,LOUISVILLE,KY,40219,27,1988/06/06 00:00:00,275
695,SWIMMING AREA,191,SWIMMING POOL,29254,CASA GRANADA CONDOS,3030 BRECKENRIDGE LN.,LOUISVILLE,KY,40220,28,1988/06/06 00:00:00,276
695,SWIMMING AREA,191,SWIMMING POOL,29256,CASA GRANDE CONDOS OF ZORN,740 ZORN AVE,LOUISVILLE,KY,40206,26,1988/06/06 00:00:00,277
695,SWIMMING AREA,191,SWIMMING POOL,29259,CASA GRANDE OF THIERMAN,161 THIERMAN LN,LOUISVILLE,KY,40207,26,1988/06/06 00:00:00,278
695,SWIMMING AREA,191,SWIMMING POOL,29260,PLAINVIEW APTS,1000 STONE SPRING WAY,LOUISVILLE,KY,40223,25,1988/06/06 00:00:00,279
695,SWIMMING AREA,193,DIVING POOL,29263,JEFFERSONTOWN-PLAINVIEW SWIM,10235 TIMBERWOOD CIR,JEFFERSONTOWN,KY,40223,29,1988/06/06 00:00:00,280
695,SWIMMING AREA,191,SWIMMING POOL,29264,JEFFERSONTOWN-PLAINVIEW SWIM CLUB,10235 TIMBERWOOD CIR,JEFFERSONTOWN,KY,40223,29,1988/06/06 00:00:00,281
695,SWIMMING AREA,191,SWIMMING POOL,29265,JEFFERSONTOWN-PLAINVIEW SWIM CLUB,10235 TIMBERWOOD CIR,LOUISVILLE,KY,40223,29,1988/06/06 00:00:00,282
695,SWIMMING AREA,199,WADING POOL,29267,JEFFERSONTOWN-PLAINVIEW SWIM CLUB,10235 TIMBERWOOD CIR,JEFFERSONTOWN,KY,40223,29,1988/06/06 00:00:00,283
695,SWIMMING AREA,191,SWIMMING POOL,29270,CENTRAL HIGH SCHOOL,1130 W. CHESTNUT ST.,LOUISVILLE,KY,40213,24,1988/06/06 00:00:00,284
695,SWIMMING AREA,191,SWIMMING POOL,29275,POPLAR TERRACE APTS,1106 POPLAR LEVEL PLAZA,LOUISVILLE,KY,40217,28,1991/08/27 00:00:00,285
695,SWIMMING AREA,191,SWIMMING POOL,29277,CHATEAU BOHNE CONDOS,2845 HIKES LANE,LOUISVILLE,KY,40218,27,1988/06/06 00:00:00,286
695,SWIMMING AREA,191,SWIMMING POOL,29289,CHEROKEE GARDEN CONDOS,1040 CHEROKEE RD.,LOUISVILLE,KY,40204,28,1988/06/07 00:00:00,287
695,SWIMMING AREA,191,SWIMMING POOL,29293,RIVER VALLEY CLUB,4701 RIVER RD,LOUISVILLE,KY,40222,26,1988/08/03 00:00:00,288
695,SWIMMING AREA,191,SWIMMING POOL,29300,CHURCHILL PARK SCHOOL,435 BOXLEY AVE.,LOUISVILLE,KY,40209,23,1988/06/07 00:00:00,289
695,SWIMMING AREA,191,SWIMMING POOL,29302,COACH HOUSE CONDOMINIUMS,5800 COACH GATE WYNDE,LOUISVILLE,KY,40207,26,1988/06/07 00:00:00,290
695,SWIMMING AREA,191,SWIMMING POOL,29303,COACH GATE CONDOMINIUMS,1111 WELLINGTON PL,LOUISVILLE,KY,40207,26,1988/06/07 00:00:00,291
695,SWIMMING AREA,191,SWIMMING POOL,29307,COUNTRY ACRES APARTMENTS,102 COUNTRY ACRES,LOUISVILLE,KY,40218,27,1988/06/07 00:00:00,292
695,SWIMMING AREA,191,SWIMMING POOL,29311,ROYAL AMBASSADOR,1602 GARDINER LN,LOUISVILLE,KY,40205,27,1988/06/07 00:00:00,293
695,SWIMMING AREA,191,SWIMMING POOL,29314,ROYAL ARMS APTS,1900 BASHFORD MANOR LN,LOUISVILLE,KY,40218,28,1988/06/07 00:00:00,294
695,SWIMMING AREA,191,SWIMMING POOL,29315,MARY T. MEAGHER AQUATIC CENTER,201 RESERVOIR AVE,LOUISVILLE,KY,40206,26,1988/08/03 00:00:00,295
695,SWIMMING AREA,191,SWIMMING POOL,29317,ROYAL COACH CONDOMINIUMS,5701 COACH GATE WYNDE,LOUISVILLE,KY,40207,26,1988/06/07 00:00:00,296
695,SWIMMING AREA,191,SWIMMING POOL,29391,THE WILLOWS OF PLAINVIEW,9800 WILLOW BROOK CIRCLE,LOUISVILLE,KY,40223,25,1988/06/07 00:00:00,297
695,SWIMMING AREA,191,SWIMMING POOL,92579,U OF L - TRAINING POOL,2216 S FLOYD ST,LOUISVILLE,KY,40208,23,2013/06/30 00:00:00,298
695,SWIMMING AREA,191,SWIMMING POOL,36946,MARY T. MEAGHER AQUATIC CENTER,201 RESERVOIR AVE,LOUISVILLE,KY,40206,26,1989/01/24 00:00:00,299
695,SWIMMING AREA,191,SWIMMING POOL,78766,HILTON GARDEN INN,9850 PARK PLAZA AVE,LOUISVILLE,KY,40241,21,2007/08/02 00:00:00,300
695,SWIMMING AREA,191,SWIMMING POOL,29405,GLENVIEW,5100 U S HWY 42,LOUISVILLE,KY,40241,21,1988/06/07 00:00:00,301
695,SWIMMING AREA,191,SWIMMING POOL,92827,SOUTHPOINT AT VALLEY FARMS,10200 RENAISSANCE VALLEY WAY,LOUISVILLE,KY,40272,23,2013/05/24 00:00:00,302
695,SWIMMING AREA,191,SWIMMING POOL,93087,CLAIBORNE CROSSING,14601 PULPIT DRIVE,LOUISVILLE,KY,40245,25,2014/04/10 00:00:00,303
695,SWIMMING AREA,197,SPA,93101,VU CLUB,822 S. FLOYD ST.,LOUISVILLE,KY,40202,28,2014/03/27 00:00:00,304
695,SWIMMING AREA,192,SWIMMING / DIVING POOL,93658,BLAIRWOOD SWIM CLUB,9300 BLAIRWOOD RD,LOUISVILLE,KY,40222,29,2014/06/13 00:00:00,305
695,SWIMMING AREA,197,SPA,93920,COMFORT SUITES,1850 RESOURCE WAY,JEFFERSONTOWN,KY,40299,22,2013/09/25 00:00:00,306
695,SWIMMING AREA,191,SWIMMING POOL,93922,COMFORT SUITES,1850 RESOURCE WAY,JEFFERSONTOWN,KY,40299,22,2013/09/25 00:00:00,307
695,SWIMMING AREA,197,SPA,94109,KORT - BROWNSBORO CROSSING,9880 ANGIES WAY,LOUISVILLE,KY,40241,21,2014/01/22 00:00:00,308
695,SWIMMING AREA,191,SWIMMING POOL,94177,MERIDIAN AT SHELBYVILLE,12900 OBSERVATION CIRCLE,LOUISVILLE,KY,40243,25,2014/07/03 00:00:00,309
695,SWIMMING AREA,191,SWIMMING POOL,94925,U OF L - SOCCER COMPLEX #1,337 BYRNE AVE,LOUISVILLE,KY,40209,23,2014/08/01 00:00:00,310
695,SWIMMING AREA,191,SWIMMING POOL,94926,U OF L - SOCCER COMPLEX #2,337 BYRNE AVE,LOUISVILLE,KY,40209,23,2014/08/01 00:00:00,311
695,SWIMMING AREA,191,SWIMMING POOL,95029,HOLIDAY INN HURSTBOURNE,1325 S. HURSTBOURNE PARKWAY,LOUISVILLE,KY,40222,29,2014/05/29 00:00:00,312
695,SWIMMING AREA,196,SPRAY POOL,95100,SKYVIEW PARK SPLASH PAD,2866 WATTERSON TRAIL,JEFFERSONTOWN,KY,40299,22,2014/07/01 00:00:00,313
695,SWIMMING AREA,197,SPA,95521,SIGNATURE POINT,1200 HELM PLACE LANE,JEFFERSONTOWN,KY,40299,22,2014/06/06 00:00:00,314
695,SWIMMING AREA,191,SWIMMING POOL,95523,SIGNATURE POINT,1200 HELM PLACE LANE,LOUISVILLE,KY,40299,22,2014/07/10 00:00:00,315
695,SWIMMING AREA,196,SPRAY POOL,95698,FOUNTAIN SQUARE APT,3600 FOUNTAIN DR,LOUISVILLE,KY,40218,27,2014/07/03 00:00:00,316
695,SWIMMING AREA,191,SWIMMING POOL,95699,CLEARWATER FARM APARTMENTS,5401 LOWERFIELD DR,LOUISVILLE,KY,40219,27,2014/07/08 00:00:00,317
695,SWIMMING AREA,191,SWIMMING POOL,95700,CLEARWATER FARM APARTMENTS,5401 LOWERFIELD DR,LOUISVILLE,KY,40219,27,2014/07/08 00:00:00,318
695,SWIMMING AREA,191,SWIMMING POOL,95868,HURSTBOURNE ESTATES,10405 WATERMARK PLACE,LOUISVILLE,KY,40223,29,2015/07/06 00:00:00,319
695,SWIMMING AREA,191,SWIMMING POOL,95995,THE CLUBHOUSE,2330 CRITTENDEN DRIVE,LOUISVILLE,KY,40217,28,,320
695,SWIMMING AREA,191,SWIMMING POOL,96037,ASHBY GREEN,7616 ASHBY LANDINGS DR,LOUISVILLE,KY,40272,23,2015/08/10 00:00:00,321
695,SWIMMING AREA,196,SPRAY POOL,96143,APPLEGATE FARM APARTMENT,5503 FERNFIELD DR,LOUISVILLE,KY,40219,27,2014/10/22 00:00:00,322
695,SWIMMING AREA,191,SWIMMING POOL,96206,VALHALLA VISTA,15300 SHELBYVILLE RD,LOUISVILLE,KY,40245,25,,323
695,SWIMMING AREA,191,SWIMMING POOL,96652,HYATT PLACE LOUISVILLE EAST,701 S HURSTBOURNE PARKWAY,LOUISVILLE,KY,40222,29,2015/06/16 00:00:00,324
695,SWIMMING AREA,191,SWIMMING POOL,96774,BROOKSIDE APARTMENTS,8117 COOPER CREEK DR,LOUISVILLE,KY,40222,29,2015/06/15 00:00:00,325
695,SWIMMING AREA,191,SWIMMING POOL,96775,MEADOWS APARTMENT HOMES,2204 DEERCROSS DR,LOUISVILLE,KY,40222,29,2015/07/31 00:00:00,326
695,SWIMMING AREA,191,SWIMMING POOL,38364,BROOKHOLLOW HOMEOWNERS ASSO,3513 BROOKHOLLOW DR,LOUISVILLE,KY,40220,22,1997/05/20 00:00:00,327
695,SWIMMING AREA,191,SWIMMING POOL,78826,HOLIDAY INN LOU. AIRPORT SOUTH,6551 PARAMOUNT PARK,LOUISVILLE,KY,40213,27,2007/08/22 00:00:00,328
695,SWIMMING AREA,191,SWIMMING POOL,29410,UPPER HIGHLANDS,2411 PARK DALE AVE,LOUISVILLE,KY,40220,26,1988/06/07 00:00:00,329
695,SWIMMING AREA,192,SWIMMING / DIVING POOL,38494,WOODS OF ST THOMAS,6701 FALLEN LEAF CIRCLE,LOUISVILLE,KY,40241,21,1998/02/12 00:00:00,330
695,SWIMMING AREA,191,SWIMMING POOL,78986,HOLIDAY INN,447 FARMINGTON AVE,LOUISVILLE,KY,40209,23,2007/09/12 00:00:00,331
695,SWIMMING AREA,199,WADING POOL,29411,UPPER HIGHLANDS,2411 PARK DALE AVE,LOUISVILLE,KY,40220,26,1988/06/07 00:00:00,332
695,SWIMMING AREA,199,WADING POOL,38495,WOODS OF ST THOMAS,6701 FALLEN LEAF CIRCLE,LOUISVILLE,KY,40241,21,1998/02/12 00:00:00,333
695,SWIMMING AREA,191,SWIMMING POOL,38673,HARRODS LANDING YACHT CLUB,8804 US HWY 42,PROSPECT,KY,40059,21,1989/07/20 00:00:00,334
695,SWIMMING AREA,191,SWIMMING POOL,38674,HARRODS LANDING CONDOS,8000 HARRODS LANDING DR,LOUISVILLE,KY,40059,21,1992/07/15 00:00:00,335
695,SWIMMING AREA,191,SWIMMING POOL,38901,RIVER OAK APARTMENT,2400 MELLWOOD AVENUE,LOUISVILLE,KY,40206,24,1995/06/12 00:00:00,336
695,SWIMMING AREA,191,SWIMMING POOL,40052,COURTYARD BY MARRIOTT,9608 BLAIRWOOD RD.,LOUISVILLE,KY,40222,29,2007/09/17 00:00:00,337
695,SWIMMING AREA,199,WADING POOL,42375,OXMOOR COUNTRY CLUB,9000 LIMEHOUSE DRIVE,LOUISVILLE,KY,40220,29,1990/08/15 00:00:00,338
695,SWIMMING AREA,192,SWIMMING / DIVING POOL,42376,OXMOOR COUNTRY CLUB,9000 LIMEHOUSE DRIVE,LOUISVILLE,KY,40220,29,1990/08/15 00:00:00,339
695,SWIMMING AREA,191,SWIMMING POOL,42377,OXMOOR COUNTRY CLUB,9000 LIMEHOUSE DRIVE,LOUISVILLE,KY,40220,29,1990/08/15 00:00:00,340
695,SWIMMING AREA,191,SWIMMING POOL,42381,THE LANDINGS,5500 TIMBER RIDGE RD,PROSPECT,KY,40059,21,1996/09/03 00:00:00,341
695,SWIMMING AREA,191,SWIMMING POOL,42501,BOULDER CREEK VANTAGE POINT #2 PHASE II,10400 PAVILION WAY EAST,LOUISVILLE,KY,40299,22,1990/08/14 00:00:00,342
695,SWIMMING AREA,191,SWIMMING POOL,42581,THE SPRINGS CLUBHOUSE,1099 BALMORAL DRIVE,LOUISVILLE,KY,40205,28,1990/08/23 00:00:00,343
695,SWIMMING AREA,191,SWIMMING POOL,43218,SBTS HEALTH & REC CENTER,2825 LEXINGTON RD,LOUISVILLE,KY,40280,26,1990/11/14 00:00:00,344
695,SWIMMING AREA,197,SPA,43219,SBTS HEALTH & REC CENTER,2825 LEXINGTON RD,LOUISVILLE,KY,40280,26,1990/11/14 00:00:00,345
695,SWIMMING AREA,199,WADING POOL,43220,SBTS HEALTH & REC CENTER,2825 LEXINGTON RD,LOUISVILLE,KY,40280,26,1990/11/14 00:00:00,346
695,SWIMMING AREA,199,WADING POOL,43221,SBTS HEALTH & REC CENTER,2825 LEXINGTON RD,LOUISVILLE,KY,40280,26,1990/11/14 00:00:00,347
695,SWIMMING AREA,199,WADING POOL,44615,SOUTH PARK COUNTRY CLUB,915 SOUTH PARK RD,LOUISVILLE,KY,40118,23,1991/06/17 00:00:00,348
695,SWIMMING AREA,192,SWIMMING / DIVING POOL,44617,SOUTH PARK COUNTRY CLUB,915 SOUTH PARK RD,LOUISVILLE,KY,40118,23,1991/06/17 00:00:00,349
695,SWIMMING AREA,199,WADING POOL,44643,JEWISH COMMUNITY CENTER,3600 DUTCHMANS LN,LOUISVILLE,KY,40205,28,1991/06/20 00:00:00,350
695,SWIMMING AREA,192,SWIMMING / DIVING POOL,44644,JEWISH COMMUNITY CENTER,3600 DUTCHMANS LN,LOUISVILLE,KY,40205,28,1991/06/20 00:00:00,351
695,SWIMMING AREA,191,SWIMMING POOL,44751,GRAYSTONE MANOR CONDOS,3200 GRAYSTONE MANOR PARKWAY,LOUISVILLE,KY,40241,21,1991/07/08 00:00:00,352
695,SWIMMING AREA,191,SWIMMING POOL,45506,MOCKINGBIRD GARDENS,299 MOCKINGBIRD GARDENS DR,LOUISVILLE,KY,40207,26,1991/11/19 00:00:00,353
695,SWIMMING AREA,199,WADING POOL,45507,MOCKINGBIRD GARDENS,299 MOCKINGBIRD GARDENS DR,LOUISVILLE,KY,40207,26,1991/11/19 00:00:00,354
695,SWIMMING AREA,199,WADING POOL,45508,LOUISVILLE BOAT CLUB,4200 RIVER ROAD,LOUISVILLE,KY,40207,26,1991/11/19 00:00:00,355
695,SWIMMING AREA,191,SWIMMING POOL,29422,COUNTRY BROOK ESTATES,1718 BRIDGEVIEW LN,LOUISVILLE,KY,40242,26,1995/08/28 00:00:00,356
695,SWIMMING AREA,191,SWIMMING POOL,79206, YMCA NORTHEAST,9400 MILL BROOK RD,LOUISVILLE,KY,40223,25,2007/10/18 00:00:00,357
695,SWIMMING AREA,191,SWIMMING POOL,29431,WILDWOOD CONDOS,7080 WILDWOOD CIR,LOUISVILLE,KY,40291,22,1988/06/07 00:00:00,358
695,SWIMMING AREA,196,SPRAY POOL,79311, YMCA NORTHEAST,9400 MILL BROOK RD,LOUISVILLE,KY,40223,25,2007/11/01 00:00:00,359
695,SWIMMING AREA,192,SWIMMING / DIVING POOL,29432,HAPPY ACRES SWIM CLUB,8408 HUDSON LN,LOUISVILLE,KY,40291,22,1988/06/07 00:00:00,360
695,SWIMMING AREA,191,SWIMMING POOL,80004,LAKEVIEW CONDOS EAST,1935 GARDINER LN,LOUISVILLE,KY,40205,28,2008/02/29 00:00:00,361
695,SWIMMING AREA,192,SWIMMING / DIVING POOL,29433,WILDWOOD COUNTRY CLUB,5000 BARDSTOWN RD,LOUISVILLE,KY,40291,22,1988/06/07 00:00:00,362
695,SWIMMING AREA,191,SWIMMING POOL,80012,IVY RIDGE,4411 IVY CREST CIR,LOUISVILLE,KY,40241,21,2008/02/29 00:00:00,363
695,SWIMMING AREA,191,SWIMMING POOL,80487,DORSEY STATION,10431 SHELBYVILLE RD,LOUISVILLE,KY,40223,25,2008/03/27 00:00:00,364
695,SWIMMING AREA,191,SWIMMING POOL,80922,RAMADA INN,1041 ZORN AVE,LOUISVILLE,KY,40207,24,2008/04/29 00:00:00,365
695,SWIMMING AREA,196,SPRAY POOL,80949,METRO PARKS ALGONQUIN SPRAYGROUND,1614 CYPRESS ST,LOUISVILLE,KY,40210,24,2008/04/18 00:00:00,366
695,SWIMMING AREA,191,SWIMMING POOL,81318,WESTPORT GARDENS,1249 WESTLYNNE WAY,LOUISVILLE,KY,40222,26,2008/06/02 00:00:00,367
695,SWIMMING AREA,197,SPA,81605,BEST WESTERN LOUISVILLE EAST,9802 BUNSEN WAY,LOUISVILLE,KY,40299,29,2008/07/18 00:00:00,368
695,SWIMMING AREA,191,SWIMMING POOL,81606,BEST WESTERN LOUISVILLE EAST,9802 BUNSEN WAY,LOUISVILLE,KY,40299,29,2008/07/18 00:00:00,369
695,SWIMMING AREA,191,SWIMMING POOL,81740,PARKWOOD VILLAS,9710 MCNEELY LAKE DR,LOUISVILLE,KY,40229,27,2008/08/04 00:00:00,370
695,SWIMMING AREA,191,SWIMMING POOL,82190,BARDSTOWN FOREST,2041 BUECHEL BANK RD,LOUISVILLE,KY,40218,27,2008/09/29 00:00:00,371
695,SWIMMING AREA,196,SPRAY POOL,82704,METRO PARKS SHELBY PARK SPRAYGROUND,600 E OAK ST,LOUISVILLE,KY,40203,24,2008/12/29 00:00:00,372
695,SWIMMING AREA,196,SPRAY POOL,82705,METRO PARKS WYANDOTTE PARK SPRAYGROUND,1104 BEECHER ST,LOUISVILLE,KY,40215,23,2008/12/29 00:00:00,373
695,SWIMMING AREA,196,SPRAY POOL,82706,METRO PARKS FARNSLEY PARK SPRAYGROUND,3100 WEDGEWOOD WAY,LOUISVILLE,KY,40220,29,2008/12/29 00:00:00,374
695,SWIMMING AREA,197,SPA,82770,GLENVIEW,5100 US HWY 42,LOUISVILLE,KY,40241,21,2009/01/15 00:00:00,375
695,SWIMMING AREA,196,SPRAY POOL,83215,HOME OF THE INNOCENTS,1100 E MARKET ST,LOUISVILLE,KY,40206,28,2009/04/01 00:00:00,376
695,SWIMMING AREA,191,SWIMMING POOL,83216,HOME OF THE INNOCENTS,1100 E MARKET ST,LOUISVILLE,KY,40206,28,2009/04/01 00:00:00,377
695,SWIMMING AREA,191,SWIMMING POOL,83518,THE PROVINCE,600 RUGGLES PLACE,LOUISVILLE,KY,40208,23,2009/04/30 00:00:00,378
695,SWIMMING AREA,196,SPRAY POOL,85191,METRO PARKS LAPORTE PARK,2529 BANK ST,LOUISVILLE,KY,40212,24,2010/02/01 00:00:00,379
695,SWIMMING AREA,196,SPRAY POOL,85192,METRO PARKS PETERSBURG PARK,5008 E INDIAN TRAIL RD,LOUISVILLE,KY,40218,27,2010/02/01 00:00:00,380
695,SWIMMING AREA,196,SPRAY POOL,85551,METRO PARKS FAIRDALE SPRAY POOL,709 FAIRDALE RD,FAIRDALE,KY,40118,23,2010/03/30 00:00:00,381
695,SWIMMING AREA,199,WADING POOL,29435,WILDWOOD COUNTRY CLUB,5000 BARDSTOWN RD,LOUISVILLE,KY,40291,22,1988/06/07 00:00:00,382
695,SWIMMING AREA,191,SWIMMING POOL,29440,1400 WILLOW CONDOMIUMS,1400 WILLOW AVE,LOUISVILLE,KY,40204,28,1988/06/07 00:00:00,383
695,SWIMMING AREA,191,SWIMMING POOL,29447,WOODCREEK CONDOS,3501 ILLINOIS AVE,LOUISVILLE,KY,40213,28,1988/06/07 00:00:00,384
695,SWIMMING AREA,191,SWIMMING POOL,29448,HIGHWOOD CONDOMINIUMS,900 HIGHWOOD DR.,LOUISVILLE,KY,40206,26,1988/06/07 00:00:00,385
695,SWIMMING AREA,191,SWIMMING POOL,29450,WOODHAVEN COUNTRY CLUB,7200 WOODHAVEN ROAD,LOUISVILLE,KY,40291,22,1988/06/07 00:00:00,386
695,SWIMMING AREA,193,DIVING POOL,29452,WOODHAVEN COUNTRY CLUB,7200 WOODHAVEN ROAD,LOUISVILLE,KY,40291,22,1988/06/07 00:00:00,387
695,SWIMMING AREA,191,SWIMMING POOL,29463,YMCA,555 S 2ND ST,LOUISVILLE,KY,40202,24,1988/06/07 00:00:00,388
695,SWIMMING AREA,191,SWIMMING POOL,29467,YMCA SOUTHWEST,2800 FORDHAVEN RD,LOUISVILLE,KY,40214,23,1988/06/07 00:00:00,389
695,SWIMMING AREA,191,SWIMMING POOL,29469,YMCA SOUTHEAST,5930 SIX MILE LANE,LOUISVILLE,KY,40218,27,1988/06/07 00:00:00,390
695,SWIMMING AREA,191,SWIMMING POOL,29476,HOLLY HOUSE CONDOMINIUMS,1924 GOLDSMITH LN.,LOUISVILLE,KY,40218,28,1988/06/07 00:00:00,391
695,SWIMMING AREA,199,WADING POOL,29482,HUNTING CREEK COUNTRY CLUB,6807 FOXCROFT DR,PROSPECT,KY,40059,21,1988/08/03 00:00:00,392
695,SWIMMING AREA,191,SWIMMING POOL,29485,HURSTBOURNE GRAND APTS,8916 MARKSFIELD RD.,LOUISVILLE,KY,40222,29,1988/08/02 00:00:00,393
695,SWIMMING AREA,191,SWIMMING POOL,29486,WESSEX PLACE,9542 WESSEX PLACE,LOUISVILLE,KY,40222,29,1995/08/04 00:00:00,394
695,SWIMMING AREA,191,SWIMMING POOL,29493,INVERNESS AT HURSTBOURNE,1200 CLUB HOUSE DRIVE,LOUISVILLE,KY,40222,29,1988/08/02 00:00:00,395
695,SWIMMING AREA,191,SWIMMING POOL,29494,INDIGO AT THE PARK,518 IROQUOIS GARDENS DRIVE,LOUISVILLE,KY,40214,23,1997/05/09 00:00:00,396
695,SWIMMING AREA,191,SWIMMING POOL,29504,JEWISH COMMUNITY CENTER,3600 DUTCHMANS LN,LOUISVILLE,KY,40205,28,1988/06/07 00:00:00,397
695,SWIMMING AREA,191,SWIMMING POOL,29521,LA FONTENAY APARTMENTS,175 LA FONTENAY DR,LOUISVILLE,KY,40223,25,1988/06/07 00:00:00,398
695,SWIMMING AREA,191,SWIMMING POOL,29524,LA FONTENAY APARTMENTS,175 LA FONTENAY DR,LOUISVILLE,KY,40223,25,1988/06/07 00:00:00,399
695,SWIMMING AREA,191,SWIMMING POOL,29686,FOREST PARK CONDOMINIUMS,1600 FOREST PARK RD,LOUISVILLE,KY,40223,25,1988/06/22 00:00:00,400
695,SWIMMING AREA,191,SWIMMING POOL,101553,OMNI LOUISVILLE - LEVEL 3 POOL,400 S. 2ND STREET,LOUISVILLE,KY,40202,24,2018/03/08 00:00:00,401
695,SWIMMING AREA,191,SWIMMING POOL,101554,THE RESIDENCES AT OMNI  - LEVEL 16 POOL,200 WEST LIBERTY ST,LOUISVILLE,KY,40202,24,2018/05/21 00:00:00,402
695,SWIMMING AREA,191,SWIMMING POOL,109672,U OF L HEALTH - FRAZIER REHAB #1,220 ABRAHAM FLEXNER WAY,LOUISVILLE,KY,40202,24,2006/06/01 00:00:00,403
695,SWIMMING AREA,191,SWIMMING POOL,101641,LOUISVILLE BROADWAY APTS LLC /HIGHLAND STATION,1172 E BROADWAY,LOUISVILLE,KY,40204,28,2018/05/22 00:00:00,404
695,SWIMMING AREA,191,SWIMMING POOL,101819,ASPENWOOD APARTMENTS,3300 ASPEN VALLEY CIRCLE,LOUISVILLE,KY,40241,21,2017/02/27 00:00:00,405
695,SWIMMING AREA,191,SWIMMING POOL,101828,QUALITY INN,1301 KENTUCKY MILLS DR,LOUISVILLE,KY,40299,22,2017/02/28 00:00:00,406
695,SWIMMING AREA,191,SWIMMING POOL,109711,UPTON - OXMOOR APARTMENTS,202 OXMOOR LANE,LOUISVILLE,KY,40222,26,,407
695,SWIMMING AREA,191,SWIMMING POOL,101850,HOME 2 SUITES,3000 CRITTENDEN DR,LOUISVILLE,KY,40209,23,2018/05/25 00:00:00,408
695,SWIMMING AREA,191,SWIMMING POOL,109728,AVOCA APARTMENT,1405 AVOCA RIDGE RD,LOUISVILLE,KY,40223,25,,409
695,SWIMMING AREA,191,SWIMMING POOL,101851,BRADFORD MILL LOFTS,1124 REUTLINGER AVE,LOUISVILLE,KY,40204,28,,410
695,SWIMMING AREA,191,SWIMMING POOL,109771,THE HARPER,292 STOKE ON TRENT,JEFFERSONTOWN,KY,40299,22,2020/06/30 00:00:00,411
695,SWIMMING AREA,191,SWIMMING POOL,101962,THE GEORGE,6600 SEMINARY WOODS PLACE,LOUISVILLE,KY,40241,21,2017/03/21 00:00:00,412
695,SWIMMING AREA,191,SWIMMING POOL,109829,HYATT HOUSE LOUISVILLE EAST,9315 LEES GATE RD,LOUISVILLE,KY,40222,25,2020/09/21 00:00:00,413
695,SWIMMING AREA,191,SWIMMING POOL,102015,THE PARK AT HURSTBOURNE APTS -VARSITY CLUB,6121 BIG BEN DR,FERN CREEK,KY,40291,27,2017/03/29 00:00:00,414
695,SWIMMING AREA,191,SWIMMING POOL,109911,AXIS ON LEXINGTON,303 AXIS DR,LOUISVILLE,KY,40206,26,,415
695,SWIMMING AREA,191,SWIMMING POOL,102049,SOUTHGATE LANDING,10960 SOUTHGATE MANOR DR,LOUISVILLE,KY,40229,27,2017/03/30 00:00:00,416
695,SWIMMING AREA,191,SWIMMING POOL,109975,FINISH LINE APARTMENTS,5420 EIGHT BELLS LANE,LOUISVILLE,KY,40258,23,,417
695,SWIMMING AREA,191,SWIMMING POOL,102157,THE ENCLAVE AT BRECKENRIDGE,7204 CHURCHILL PARK DR,LOUISVILLE,KY,40220,28,2017/04/14 00:00:00,418
695,SWIMMING AREA,191,SWIMMING POOL,109976,FRONTGATE APARTMENTS,7400 SNOW BEND AVE,LOUISVILLE,KY,40228,27,2021/06/16 00:00:00,419
695,SWIMMING AREA,191,SWIMMING POOL,102469,STATION AT J-TOWN,9601 BALSAM WAY,JEFFERSONTOWN,KY,40299,22,2017/05/16 00:00:00,420
695,SWIMMING AREA,191,SWIMMING POOL,110312,THE LOFT,512 W ORMSBY AVE,LOUISVILLE,KY,40203,24,,421
695,SWIMMING AREA,191,SWIMMING POOL,102843,THE LODGES,14500 ENGLISH PARK CIR,JEFFERSONTOWN,KY,40299,22,,422
695,SWIMMING AREA,191,SWIMMING POOL,110473,TOWNEPLACE SUITES,801 W JEFFERSON ST,LOUISVILLE,KY,40202,24,,423
695,SWIMMING AREA,191,SWIMMING POOL,102861,THE PARK AT HURSTBOURNE,5301 HAMES TRACE,FERN CREEK,KY,40291,22,2013/05/16 00:00:00,424
695,SWIMMING AREA,191,SWIMMING POOL,110474,RIALTO AT HURSTBOURNE,309 PALAZZO CIRCLE,LOUISVILLE,KY,40222,29,2022/05/13 00:00:00,425
695,SWIMMING AREA,191,SWIMMING POOL,102919,HYATT REGENCY,311 S 4TH ST,LOUISVILLE,KY,40202,24,2017/07/06 00:00:00,426
695,SWIMMING AREA,191,SWIMMING POOL,110557,RESIDENCE INN,2510 TERRA CROSSING BLVD,LOUISVILLE,KY,40245,25,2020/12/21 00:00:00,427
695,SWIMMING AREA,191,SWIMMING POOL,110558,LORY OF LOUISVILLE,201 HERITAGE HILLS TRAIL,LOUISVILLE,KY,40223,25,2020/06/08 00:00:00,428
695,SWIMMING AREA,191,SWIMMING POOL,110572,ELEVATE AT NULU APARTMENTS,510 S SHELBY ST,LOUISVILLE,KY,40202,24,2020/06/08 00:00:00,429
695,SWIMMING AREA,191,SWIMMING POOL,110637,BROOKVIEW AT MIDDLETOWN,400 ECHELON DR,LOUISVILLE,KY,40223,25,2020/06/22 00:00:00,430
695,SWIMMING AREA,191,SWIMMING POOL,110666,WOODBRIDGE LVL PARTNERS 1 LLC,1000 GLENRIDGE DR,LOUISVILLE,KY,40242,25,2020/06/25 00:00:00,431
695,SWIMMING AREA,191,SWIMMING POOL,111706,COURTYARDS AT CURRY FARMS,1840 DRESSAGE CIRCLE,LOUISVILLE,KY,40245,25,2021/07/27 00:00:00,432
695,SWIMMING AREA,191,SWIMMING POOL,111717,THE LOUIS FLATS APARTMENTS,10720 BELL TUCKER LANE,LOUISVILLE,KY,40241,21,,433
695,SWIMMING AREA,191,SWIMMING POOL,111748,LYRIC AT NORTON COMMONS,6324 MEETING STREET,PROSPECT,KY,40059,21,,434
695,SWIMMING AREA,197,SPA,111806,JEWISH COMMUNITY CENTER,3600 R DUTCHMANS LANE,LOUISVILLE,KY,40205,27,2022/04/18 00:00:00,435
695,SWIMMING AREA,191,SWIMMING POOL,111807,JEWISH COMMUNITY CENTER,3600R DUTCHMANS LANE,LOUISVILLE,KY,40205,27,,436
695,SWIMMING AREA,191,SWIMMING POOL,112289,BROOKVIEW AT APEX,11602 APEX VIEW DR,LOUISVILLE,KY,40229,27,2021/04/23 00:00:00,437
695,SWIMMING AREA,191,SWIMMING POOL,112532,BRECKINRIDGE SQUARE APARTMENTS,203 BRECKINRIDGE SQUARE,LOUISVILLE,KY,40220,29,,438
695,SWIMMING AREA,195,WATERSLIDE,112594,KY KINGDOM - TORNADO,937 PHILLIPS LANE,LOUISVILLE,KY,40209,24,2021/05/28 00:00:00,439
695,SWIMMING AREA,195,WATERSLIDE,112595,KY KINGDOM - MT SLIDE HAI,937 PHILLIPS LANE,LOUISVILLE,KY,40209,24,2021/05/27 00:00:00,440
695,SWIMMING AREA,195,WATERSLIDE,112598,KY KINGDOM - MEGA WEDGIE,937 PHILLIPS LANE,LOUISVILLE,KY,40209,24,2021/05/27 00:00:00,441
695,SWIMMING AREA,191,SWIMMING POOL,112599,KY KINGDOM - BIG SURF WAVE POOL,937 PHILLIPS LANE,LOUISVILLE,KY,40209,24,2021/05/27 00:00:00,442
695,SWIMMING AREA,195,WATERSLIDE,112600,KY KINGDOM - PLUMMET SUMMIT SLIDE,937 PHILLIPS LANE,LOUISVILLE,KY,40209,24,2021/05/27 00:00:00,443
695,SWIMMING AREA,191,SWIMMING POOL,112601,KY KINGDOM - CASTAWAY CREEK,937 PHILLIPS LANE,LOUISVILLE,KY,40209,24,2021/05/27 00:00:00,444
695,SWIMMING AREA,191,SWIMMING POOL,112602,KY KINGDOM - ADVENTURE RIVER,937 PHILLIPS LANE,LOUISVILLE,KY,40209,24,2021/05/27 00:00:00,445
695,SWIMMING AREA,195,WATERSLIDE,112604,KY KINGDOM - DEEPWATER DIVE/WAVE RUNNER,937 PHILLIPS LANE,LOUISVILLE,KY,40209,24,2021/05/27 00:00:00,446
695,SWIMMING AREA,191,SWIMMING POOL,112605,KY KINGDOM - FAMILY WAVE,937 PHILLIPS LANE,LOUISVILLE,KY,40209,24,2021/05/27 00:00:00,447
695,SWIMMING AREA,195,WATERSLIDE,112636,KY KINGDOM - WIKI WIKI WAI,937 PHILLIPS LANE,LOUISVILLE,KY,40209,24,,448
695,SWIMMING AREA,199,WADING POOL,112637,KY KINGDOM - BUCCANEER BEACH,937 PHILLIPS LANE,LOUISVILLE,KY,40209,24,2021/05/28 00:00:00,449
695,SWIMMING AREA,191,SWIMMING POOL,112638,KY KINGDOM - SPLASH ZONE,937 PHILLIPS LANE,LOUISVILLE,KY,40209,24,2021/05/28 00:00:00,450
695,SWIMMING AREA,191,SWIMMING POOL,112786,FAIRFIELD INN & SUITES,653 PHILLIPS LN,LOUISVILLE,KY,40209,23,2021/06/03 00:00:00,451
695,SWIMMING AREA,191,SWIMMING POOL,112904,TANGLEWOOD APARTMENTS,500 BERMUDA LANE,LOUISVILLE,KY,40213,27,2021/06/21 00:00:00,452
695,SWIMMING AREA,191,SWIMMING POOL,112908,UNION AT J-TOWN APARTMENTS,10101 GRAND AVE,LOUISVILLE,KY,40299,22,,453
695,SWIMMING AREA,199,WADING POOL,112931,BEECHER TERRACE,980 W LIBERTY ST,LOUISVILLE,KY,40203,24,,454
695,SWIMMING AREA,191,SWIMMING POOL,113027,THE HEMINGWAY,2102 BASS CREEK,LOUISVILLE,KY,40218,28,2021/07/09 00:00:00,455
695,SWIMMING AREA,191,SWIMMING POOL,113042,HOMEWOOD SUITES,130 CENTRAL AVE,LOUISVILLE,KY,40209,28,,456
695,SWIMMING AREA,191,SWIMMING POOL,114078,DONERAIL RUN,11404 TAYLORSVILLE RD,LOUISVILLE,KY,40299,22,,457
695,SWIMMING AREA,191,SWIMMING POOL,114079,THE STATION AT MIDDLETOWN,13325 STATION RAIL WAY,LOUISVILLE,KY,40243,22,2022/08/22 00:00:00,458
695,SWIMMING AREA,191,SWIMMING POOL,114276,HAMPTON INN DOWNTOWN LOUISVILLE,101 E JEFFERSON ST,LOUISVILLE,KY,40202,28,2022/01/13 00:00:00,459
695,SWIMMING AREA,191,SWIMMING POOL,114876,HOLIDAY INN EXPRESS,3711 CHAMBERLAIN LANE,LOUISVILLE,KY,40241,21,2022/03/17 00:00:00,460
695,SWIMMING AREA,191,SWIMMING POOL,114877,"TYMBERWOOD TRACE PROPERTIES, LLC",7500 BEECHVIEW DR,LOUISVILLE,KY,40219,27,2022/03/30 00:00:00,461
695,SWIMMING AREA,199,WADING POOL,115449,FOREST SPRINGS SUBDIVISION,3801 ROCK BAY DR,LOUISVILLE,KY,40245,25,2022/05/19 00:00:00,462
695,SWIMMING AREA,192,SWIMMING / DIVING POOL,115450,FOREST SPRINGS SUBDIVISION,3801 ROCK BAY DR,LOUISVILLE,KY,40245,25,,463
695,SWIMMING AREA,191,SWIMMING POOL,115451,ICON APARTMENTS,3201 LEITH LANE,LOUISVILLE,KY,40218,28,2022/05/24 00:00:00,464
695,SWIMMING AREA,191,SWIMMING POOL,115549,VERANDA AT NORTON COMMONS,10301 MEETING ST,PROSPECT,KY,40059,21,2022/05/27 00:00:00,465
695,SWIMMING AREA,191,SWIMMING POOL,115550,THE LEGENDS APARTMENTS,11000 INDIAN LEGENDS DR,LOUISVILLE,KY,40241,21,2022/06/03 00:00:00,466
695,SWIMMING AREA,191,SWIMMING POOL,115551,STONEWATER PARK BY ATRUIM,11353 N TAZWELL DR,LOUISVILLE,KY,40241,21,2022/05/27 00:00:00,467
695,SWIMMING AREA,191,SWIMMING POOL,115552,THE PADDOCK AT EASTPOINT,13516 SKYWATCH LANE,LOUISVILLE,KY,40245,25,,468
695,SWIMMING AREA,191,SWIMMING POOL,115577,CANTER CHASE APARTMENTS,1200 CANTER CHASE,LOUISVILLE,KY,40242,25,,469
695,SWIMMING AREA,191,SWIMMING POOL,115629,WATERSIDE AT RIVERPARK PLACE   UPPER POOL,1515 RIVER SHORE DR,LOUISVILLE,KY,40206,26,2022/06/13 00:00:00,470
695,SWIMMING AREA,191,SWIMMING POOL,115631,WATERSIDE AT RIVERPARK PLACE - LOWER POOL,1515 RIVER SHORE DR,LOUISVILLE,KY,40206,26,2022/06/13 00:00:00,471
695,SWIMMING AREA,191,SWIMMING POOL,115633,BAYMONT INN & SUITES,9400 BLAIRWOOD RD,LOUISVILLE,KY,40222,29,2022/06/08 00:00:00,472
695,SWIMMING AREA,191,SWIMMING POOL,115637,MIDDLETOWN LANDING,700 LANDIS RIDGE DR,LOUISVILLE,KY,40245,25,2022/05/26 00:00:00,473
695,SWIMMING AREA,191,SWIMMING POOL,115741,GLENMARY VILLAGE APARTMENTS,9606 CLUBVIEW DR,FERN CREEK,KY,40291,22,2022/06/23 00:00:00,474
695,SWIMMING AREA,191,SWIMMING POOL,115824,THE IVY APARTMENT HOMES,3300 ALTABROOK DR,LOUISVILLE,KY,40245,25,2022/06/15 00:00:00,475
695,SWIMMING AREA,191,SWIMMING POOL,115827,PROSPECT PARK APARTMENTS,2300 GLEN EAGLE DR,LOUISVILLE,KY,40222,26,2022/06/16 00:00:00,476
695,SWIMMING AREA,191,SWIMMING POOL,115828,MALLARD CROSSING AT ST MATTHEWS PHASE II,400 MALLARD CREEK RD,LOUISVILLE,KY,40207,26,2022/06/15 00:00:00,477
695,SWIMMING AREA,191,SWIMMING POOL,115829,MALLARD CROSSING AT ST MATTHEWS PHASE I,400 MALLARD CREEK RD,LOUISVILLE,KY,40207,26,2022/06/16 00:00:00,478
695,SWIMMING AREA,191,SWIMMING POOL,115835,MAPLE BROOK APARTMENTS,11507 MAPLE BROOK DR,LOUISVILLE,KY,40241,21,2022/06/14 00:00:00,479
695,SWIMMING AREA,191,SWIMMING POOL,115836,BUTCHERTOWN FLATS - BACK POOL,820 RIVER DELL DR,LOUISVILLE,KY,40206,24,,480
695,SWIMMING AREA,191,SWIMMING POOL,115837,BUTCHERTOWN FLATS - FRONT POOL,850 RIVER DELL DRIVE,LOUISVILLE,KY,40206,24,2022/07/06 00:00:00,481
695,SWIMMING AREA,191,SWIMMING POOL,116330,SAWYER EAST END,9910 SHINING WILLOW DR,LOUISVILLE,KY,40241,21,2022/08/08 00:00:00,482
695,SWIMMING AREA,197,SPA,103196,U OF L  HOT WALK THRU,2800 S FLOYD ST,LOUISVILLE,KY,40209,24,2018/07/31 00:00:00,483
695,SWIMMING AREA,197,SPA,103197,U OF L - COLD WALK THRU,2800 S FLOYD ST,LOUISVILLE,KY,40209,24,2018/07/31 00:00:00,484
695,SWIMMING AREA,191,SWIMMING POOL,103302,TOWNEPLACE SUITES / FAIRFIELD INN & SUITES,10110 CHAMPION FARMS DR,LOUISVILLE,KY,40241,21,2018/04/18 00:00:00,485
695,SWIMMING AREA,191,SWIMMING POOL,103312,WINGATE INN,3200 KEMMONS DR,LOUISVILLE,KY,40218,28,2018/05/23 00:00:00,486
695,SWIMMING AREA,197,SPA,103340,U OF L FOOTBALL 0-5 HYDROWORX,2800 S FLOYD ST,LOUISVILLE,KY,40202,24,2018/07/31 00:00:00,487
695,SWIMMING AREA,197,SPA,103341,U OF L FOOTBALL HOT PLUNGE WHITE HYDROWORX,2800 S FLOYD ST,LOUISVILLE,KY,40209,24,2018/07/31 00:00:00,488
695,SWIMMING AREA,197,SPA,103342,U OF L FOOTBALL COLD PLUNGE WHITE HYDROWORX,2800 S FLOYD ST,LOUISVILLE,KY,40209,24,2018/07/31 00:00:00,489
695,SWIMMING AREA,191,SWIMMING POOL,103431,WINGATE BY WYNDHAM,12301 ALLIANT COURT,JEFFERSONTOWN,KY,40299,22,2017/08/31 00:00:00,490
695,SWIMMING AREA,191,SWIMMING POOL,103432,BAXTER APARTMENTS,1221 E BROADWAY,LOUISVILLE,KY,40204,28,,491
695,SWIMMING AREA,199,WADING POOL,103787,WILLOW GREEN,7121 FERN RIDGE RD,LOUISVILLE,KY,40228,27,,492
695,SWIMMING AREA,191,SWIMMING POOL,103788,WILLOW GREEN,7121 FERN RIDGE RD,LOUISVILLE,KY,40228,27,2018/09/28 00:00:00,493
695,SWIMMING AREA,191,SWIMMING POOL,103805,RIVERPORT FAMILY RESIDENCES,3400 CATHE DYKSTRA WAY,LOUISVILLE,KY,40216,23,,494
695,SWIMMING AREA,191,SWIMMING POOL,103895,SHAKES RUN,16901 SHAKES CREEK DR,LOUISVILLE,KY,40223,22,,495
695,SWIMMING AREA,191,SWIMMING POOL,104020,AQUA-TOTS SWIM CLUB,117 BLANKENBAKER PKWY,LOUISVILLE,KY,40223,22,2018/04/05 00:00:00,496
695,SWIMMING AREA,191,SWIMMING POOL,104039,RESIDENCE INN,401 BULLITT LANE,LOUISVILLE,KY,40222,26,2018/06/08 00:00:00,497
695,SWIMMING AREA,196,SPRAY POOL,104103,SHEPPARD PARK,1601 MAGAZINE ST,LOUISVILLE,KY,40203,24,2018/06/04 00:00:00,498
695,SWIMMING AREA,191,SWIMMING POOL,104159,SWIM LABS #1 LEFT,3572 SPRINGHURST BLVD,LOUISVILLE,KY,40241,21,2018/11/06 00:00:00,499
695,SWIMMING AREA,191,SWIMMING POOL,104160,SWIM LABS #2 MIDDLE,3572 SPRINGHURST BLVD,LOUISVILLE,KY,40241,21,2018/11/06 00:00:00,500
695,SWIMMING AREA,191,SWIMMING POOL,104161,SWIM LABS #3 RIGHT,3572 SPRINGHURST BLVD,LOUISVILLE,KY,40241,21,2018/11/06 00:00:00,501
695,SWIMMING AREA,191,SWIMMING POOL,104162,SAFE SPLASH SWIM SCHOOL / LAP POOL,3572 SPRINGHURST BLVD,LOUISVILLE,KY,40241,21,2019/03/07 00:00:00,502
695,SWIMMING AREA,191,SWIMMING POOL,104185,YMCA - REPUBLIC BANK FOUNDATION,1720 WEST BROADWAY,LOUISVILLE,KY,40203,28,,503
695,SWIMMING AREA,197,SPA,104231,THE EDGE,555 S 4TH ST,LOUISVILLE,KY,40202,24,2019/05/24 00:00:00,504
695,SWIMMING AREA,191,SWIMMING POOL,104232,THE EDGE,555 S 4TH ST,LOUISVILLE,KY,40202,24,2019/05/22 00:00:00,505
695,SWIMMING AREA,191,SWIMMING POOL,104674,THE GRAND OF PROSPECT,9300 CIVIC WAY,PROSPECT,KY,40059,21,2019/08/09 00:00:00,506
695,SWIMMING AREA,191,SWIMMING POOL,105080,BRISTOL BLUFF APARTMENTS,6015 BRISTAL BLUFF CIRCLE,LOUISVILLE,KY,40299,22,2019/05/31 00:00:00,507
695,SWIMMING AREA,196,SPRAY POOL,105081,METRO PARKS VICTORY PARK SPRAYGROUND,1051 S 23RD ST,LOUISVILLE,KY,40210,24,2019/09/11 00:00:00,508
695,SWIMMING AREA,191,SWIMMING POOL,105383,HAMPTON PLACE APARTMENTS,1549 W MADISON ST,LOUISVILLE,KY,40203,24,2018/06/14 00:00:00,509
695,SWIMMING AREA,191,SWIMMING POOL,105384,HALSEY FLATS,514 BRIGHTWOOD PLACE,LOUISVILLE,KY,40207,26,2018/06/12 00:00:00,510
695,SWIMMING AREA,191,SWIMMING POOL,105429,TOWNEPLACE SUITES,6601 PARAMOUNT PARK DR,LOUISVILLE,KY,40213,27,2019/01/31 00:00:00,511
695,SWIMMING AREA,191,SWIMMING POOL,105704,DONARD PARK CONDOMIUMS,801 DONARD PARK AVE,LOUISVILLE,KY,40218,27,,512
695,SWIMMING AREA,191,SWIMMING POOL,105753,POST OAK APARTMENTS,8000 POST OAK PLACE,LOUISVILLE,KY,40222,29,2018/08/01 00:00:00,513
695,SWIMMING AREA,196,SPRAY POOL,105994,METRO PARKS TYLER PARK SPRAY POOL,1501 CASTLEWOOD AVE,LOUISVILLE,KY,40204,28,,514
695,SWIMMING AREA,191,SWIMMING POOL,106106,THE POOL AT THE GROVE,6101 CHAMBERLAIN LANE,PROSPECT,KY,40059,21,2019/05/24 00:00:00,515
695,SWIMMING AREA,191,SWIMMING POOL,106142,FLATS AT SPRINGHURST,4201 SIMCOE LANE,LOUISVILLE,KY,40241,21,2020/06/23 00:00:00,516
695,SWIMMING AREA,191,SWIMMING POOL,106447,HUNTING CREEK COUNTRY CLUB,6807 FOXCROFT RD,PROSPECT,KY,40059,21,2019/04/30 00:00:00,517
695,SWIMMING AREA,191,SWIMMING POOL,106475,CENTURY BELMONT STATION,11950 VICTORY KNOLL CIRCLE,LOUISVILLE,KY,40243,22,2019/07/12 00:00:00,518
695,SWIMMING AREA,191,SWIMMING POOL,106640,SPRINGS AT LAGRANGE,10500 DRUMLINE DR,LOUISVILLE,KY,40223,25,2019/08/27 00:00:00,519
695,SWIMMING AREA,191,SWIMMING POOL,106641,EMBASSY SUITES,501 S 4TH ST,LOUISVILLE,KY,40202,24,2018/12/20 00:00:00,520
695,SWIMMING AREA,191,SWIMMING POOL,106664,PARK PLACE APARTMENTS,7500 CRANFILL WAY,LOUISVILLE,KY,40214,23,2019/07/03 00:00:00,521
695,SWIMMING AREA,191,SWIMMING POOL,106727,SURE STAY PLUS HOTEL,4125 PRESTON HWY,LOUISVILLE,KY,40213,28,,522
695,SWIMMING AREA,191,SWIMMING POOL,106739,CANDLEWOOD SUITES,1039 ZORN AVE,LOUISVILLE,KY,40207,28,2019/12/30 00:00:00,523
695,SWIMMING AREA,191,SWIMMING POOL,106854,HAVEN ON TUCKER #2,12601 CHARLES FARM CIRCLE,LOUISVILLE,KY,40299,22,,524
695,SWIMMING AREA,191,SWIMMING POOL,106855,HAVEN ON TUCKER #1,12601 CHARLES FARM CIRCLE,LOUISVILLE,KY,40299,22,,525
695,SWIMMING AREA,191,SWIMMING POOL,107641,JEFFERSON GREEN APARTMENTS,3010 JEFFERSON GREEN DR,LOUISVILLE,KY,40219,27,,526
695,SWIMMING AREA,191,SWIMMING POOL,108019,SOVA,11707 NANSEMOND,LOUISVILLE,KY,40245,21,2019/05/24 00:00:00,527
695,SWIMMING AREA,191,SWIMMING POOL,108107,ASHTON BROOK APARTMENTS,7805 OXTED LANE,LOUISVILLE,KY,40222,26,2019/06/03 00:00:00,528
695,SWIMMING AREA,191,SWIMMING POOL,108134,CAMBRIA HOTEL,120 S FLOYD ST,LOUISVILLE,KY,40202,28,,529
695,SWIMMING AREA,191,SWIMMING POOL,108274,COVINGTON BY THE LAKE,7321 JEFFERSON BLVD,LOUISVILLE,KY,40219,27,,530
695,SWIMMING AREA,191,SWIMMING POOL,108387,TRIFECTA APARTMENTS,2501 S 4TH ST,LOUISVILLE,KY,40208,23,2019/07/30 00:00:00,531
695,SWIMMING AREA,191,SWIMMING POOL,108428,MEREMONT AT LONG RUN,1550 LINCOLN HILL WAY,LOUISVILLE,KY,40207,25,,532
695,SWIMMING AREA,191,SWIMMING POOL,108933,THE FLATS ON 5TH LOUISVILLE,430 W MUHAMMAD ALI BLVD,LOUISVILLE,KY,40202,24,2019/08/08 00:00:00,533
695,SWIMMING AREA,191,SWIMMING POOL,108960,LA QUINTA INN & SUITES EAST,13825 TERRA VIEW TRAIL,LOUISVILLE,KY,40245,25,,534
695,SWIMMING AREA,191,SWIMMING POOL,109671,U OF L HEALTH - FRAZIER REHAB #2,220 ABRAHAM FLEXNER WAY,LOUISVILLE,KY,40202,24,2006/06/01 00:00:00,535
